,week,month,day,hour,stoch_m15,stoch_h1,stoch_h4,bband_m15,bband_h1,bband_h4,want
0,39,9,1,0,82.58,72.25,8.48,90.85,30.56,37.89,0
1,39,9,1,0,56.0,72.25,8.48,18.97,30.56,37.89,0
2,39,9,1,0,20.16,72.25,8.48,75.9,30.56,37.89,0
3,39,9,1,0,6.82,72.25,8.48,49.02,30.56,37.89,0
4,39,9,1,1,16.79,71.95,8.48,22.49,52.17,37.89,0
5,39,9,1,1,36.31,71.95,8.48,7.72,52.17,37.89,0
6,39,9,1,1,61.77,71.95,8.48,8.18,52.17,37.89,0
7,39,9,1,1,90.61,71.95,8.48,14.46,52.17,37.89,0
8,39,9,1,2,86.9,46.69,8.48,16.61,43.24,37.89,0
9,39,9,1,2,71.55,46.69,8.48,4.4,43.24,37.89,0
10,39,9,1,2,40.51,46.69,8.48,11.59,43.24,37.89,0
11,39,9,1,2,62.12,46.69,8.48,4.89,43.24,37.89,0
12,39,9,1,3,79.1,23.55,8.48,5.35,32.8,37.89,0
13,39,9,1,3,100.0,23.55,8.48,44.77,32.8,37.89,0
14,39,9,1,3,85.59,23.55,8.48,20.63,32.8,37.89,0
15,39,9,1,3,69.49,23.55,8.48,16.11,32.8,37.89,0
16,39,9,1,4,31.67,26.45,10.61,21.06,33.72,26.64,0
17,39,9,1,4,6.21,26.45,10.61,71.93,33.72,26.64,0
18,39,9,1,4,20.0,26.45,10.61,8.71,33.72,26.64,0
19,39,9,1,4,25.57,26.45,10.61,41.9,33.72,26.64,0
20,39,9,1,5,26.05,20.64,10.61,120.45,54.61,26.64,0
21,39,9,1,5,6.93,20.64,10.61,105.25,54.61,26.64,0
22,39,9,1,5,10.36,20.64,10.61,70.06,54.61,26.64,0
23,39,9,1,5,22.51,20.64,10.61,67.28,54.61,26.64,0
24,39,9,1,6,36.63,9.44,10.61,79.0,49.03,26.64,0
25,39,9,1,6,47.79,9.44,10.61,64.17,49.03,26.64,1
26,39,9,1,6,41.79,9.44,10.61,64.28,49.03,26.64,0
27,39,9,1,6,42.86,9.44,10.61,50.45,49.03,26.64,1
28,39,9,1,7,58.93,13.06,10.61,25.0,35.68,26.64,1
29,39,9,1,7,65.67,13.06,10.61,39.0,35.68,26.64,1
30,39,9,1,7,79.49,13.06,10.61,19.36,35.68,26.64,1
31,39,9,1,7,77.46,13.06,10.61,14.82,35.68,26.64,1
32,39,9,1,8,98.68,30.91,14.8,8.79,29.35,19.38,1
33,39,9,1,8,88.89,30.91,14.8,2.99,29.35,19.38,1
34,39,9,1,8,60.23,30.91,14.8,18.96,29.35,19.38,1
35,39,9,1,8,23.16,30.91,14.8,38.71,29.35,19.38,0
36,39,9,1,9,0.0,27.15,14.8,154.48,94.96,19.38,0
37,39,9,1,9,18.15,27.15,14.8,64.2,94.96,19.38,0
38,39,9,1,9,13.35,27.15,14.8,157.86,94.96,19.38,0
39,39,9,1,9,12.53,27.15,14.8,138.35,94.96,19.38,0
40,39,9,1,10,27.06,28.34,14.8,25.69,64.8,19.38,0
41,39,9,1,10,65.22,28.34,14.8,42.45,64.8,19.38,1
42,39,9,1,10,98.7,28.34,14.8,58.66,64.8,19.38,1
43,39,9,1,10,92.25,28.34,14.8,15.74,64.8,19.38,1
44,39,9,1,11,82.35,36.58,14.8,18.05,30.56,19.38,1
45,39,9,1,11,79.75,36.58,14.8,117.53,30.56,19.38,0
46,39,9,1,11,91.93,36.58,14.8,157.6,30.56,19.38,0
47,39,9,1,11,93.56,36.58,14.8,108.48,30.56,19.38,0
48,39,9,1,12,94.68,82.41,33.92,108.2,144.48,42.5,0
49,39,9,1,12,93.76,82.41,33.92,95.13,144.48,42.5,0
50,39,9,1,12,99.79,82.41,33.92,82.8,144.48,42.5,0
51,39,9,1,12,99.62,82.41,33.92,75.87,144.48,42.5,0
52,39,9,1,13,99.24,96.56,33.92,69.39,123.38,42.5,0
53,39,9,1,13,100.0,96.56,33.92,67.18,123.38,42.5,0
54,39,9,1,13,65.0,96.56,33.92,52.7,123.38,42.5,1
55,39,9,1,13,43.18,96.56,33.92,49.42,123.38,42.5,1
56,39,9,1,14,6.02,94.64,33.92,29.13,87.83,42.5,0
57,39,9,1,14,11.8,94.64,33.92,30.18,87.83,42.5,0
58,39,9,1,14,15.27,94.64,33.92,26.71,87.83,42.5,0
59,39,9,1,14,23.76,94.64,33.92,21.4,87.83,42.5,0
60,39,9,1,15,22.05,88.41,33.92,9.36,76.65,42.5,0
61,39,9,1,15,63.31,88.41,33.92,51.52,76.65,42.5,1
62,39,9,1,15,53.55,88.41,33.92,6.94,76.65,42.5,1
63,39,9,1,15,30.96,88.41,33.92,65.2,76.65,42.5,0
64,39,9,1,16,3.73,63.2,53.5,121.83,15.35,20.0,0
65,39,9,1,16,52.69,63.2,53.5,172.55,15.35,20.0,0
66,39,9,1,16,82.32,63.2,53.5,160.93,15.35,20.0,0
67,39,9,1,16,99.22,63.2,53.5,122.32,15.35,20.0,0
68,39,9,1,17,94.0,74.52,53.5,83.35,159.03,20.0,0
69,39,9,1,17,80.38,74.52,53.5,58.08,159.03,20.0,0
70,39,9,1,17,50.49,74.52,53.5,30.94,159.03,20.0,0
71,39,9,1,17,0.0,74.52,53.5,13.3,159.03,20.0,0
72,39,9,1,18,11.72,73.68,53.5,34.97,101.2,20.0,0
73,39,9,1,18,12.99,73.68,53.5,0.19,101.2,20.0,0
74,39,9,1,18,23.13,73.68,53.5,6.66,101.2,20.0,0
75,39,9,1,18,5.36,73.68,53.5,35.02,101.2,20.0,0
76,39,9,1,19,17.43,73.76,53.5,15.1,53.7,20.0,0
77,39,9,1,19,24.17,73.76,53.5,16.49,53.7,20.0,0
78,39,9,1,19,44.67,73.76,53.5,14.52,53.7,20.0,0
79,39,9,1,19,48.29,73.76,53.5,34.79,53.7,20.0,0
80,39,9,1,20,33.22,50.07,74.93,43.9,29.25,33.1,0
81,39,9,1,20,6.49,50.07,74.93,58.25,29.25,33.1,0
82,39,9,1,20,0.0,50.07,74.93,60.83,29.25,33.1,0
83,39,9,1,20,0.0,50.07,74.93,63.86,29.25,33.1,0
84,39,9,1,21,4.39,26.18,74.93,62.31,9.25,33.1,0
85,39,9,1,21,6.98,26.18,74.93,62.88,9.25,33.1,0
86,39,9,1,21,17.29,26.18,74.93,56.86,9.25,33.1,0
87,39,9,1,21,12.99,26.18,74.93,56.95,9.25,33.1,0
88,39,9,1,22,39.13,11.77,74.93,48.37,6.1,33.1,0
89,39,9,1,22,25.0,11.77,74.93,58.65,6.1,33.1,0
90,39,9,1,22,19.32,11.77,74.93,56.5,6.1,33.1,0
91,39,9,1,22,0.0,11.77,74.93,58.59,6.1,33.1,0
92,39,9,1,23,0.0,0.0,74.93,94.6,30.88,33.1,0
93,39,9,1,23,16.3,0.0,74.93,63.9,30.88,33.1,0
94,39,9,1,23,23.87,0.0,74.93,69.03,30.88,33.1,0
95,39,9,1,23,36.92,0.0,74.93,66.37,30.88,33.1,0
96,39,9,2,0,33.49,0.92,44.95,63.85,28.71,5.47,0
97,39,9,2,0,37.93,0.92,44.95,50.8,28.71,5.47,0
98,39,9,2,0,47.06,0.92,44.95,56.43,28.71,5.47,0
99,39,9,2,0,66.67,0.92,44.95,46.3,28.71,5.47,0
100,39,9,2,1,70.21,6.27,44.95,49.75,23.68,5.47,0
101,39,9,2,1,53.06,6.27,44.95,56.51,23.68,5.47,0
102,39,9,2,1,34.0,6.27,44.95,44.01,23.68,5.47,0
103,39,9,2,1,52.63,6.27,44.95,21.92,23.68,5.47,0
104,39,9,2,2,84.13,17.39,44.95,17.9,22.46,5.47,1
105,39,9,2,2,100.0,17.39,44.95,5.46,22.46,5.47,0
106,39,9,2,2,100.0,17.39,44.95,12.03,22.46,5.47,0
107,39,9,2,2,100.0,17.39,44.95,24.08,22.46,5.47,0
108,39,9,2,3,100.0,42.77,44.95,49.74,16.18,5.47,0
109,39,9,2,3,100.0,42.77,44.95,119.43,16.18,5.47,0
110,39,9,2,3,100.0,42.77,44.95,115.61,16.18,5.47,0
111,39,9,2,3,94.56,42.77,44.95,92.6,16.18,5.47,0
112,39,9,2,4,64.75,66.15,43.82,31.95,18.15,9.62,1
113,39,9,2,4,48.06,66.15,43.82,66.45,18.15,9.62,0
114,39,9,2,4,18.7,66.15,43.82,23.61,18.15,9.62,0
115,39,9,2,4,18.25,66.15,43.82,1.53,18.15,9.62,0
116,39,9,2,5,0.0,56.03,43.82,130.78,53.4,9.62,0
117,39,9,2,5,0.0,56.03,43.82,154.62,53.4,9.62,0
118,39,9,2,5,0.0,56.03,43.82,133.64,53.4,9.62,0
119,39,9,2,5,6.95,56.03,43.82,88.12,53.4,9.62,0
120,39,9,2,6,18.06,19.93,43.82,75.85,68.08,9.62,0
121,39,9,2,6,39.0,19.93,43.82,71.7,68.08,9.62,1
122,39,9,2,6,72.83,19.93,43.82,59.17,68.08,9.62,1
123,39,9,2,6,95.41,19.93,43.82,48.03,68.08,9.62,1
124,39,9,2,7,100.0,5.68,43.82,39.26,60.68,9.62,0
125,39,9,2,7,100.0,5.68,43.82,35.64,60.68,9.62,0
126,39,9,2,7,74.67,5.68,43.82,43.35,60.68,9.62,1
127,39,9,2,7,54.55,5.68,43.82,34.48,60.68,9.62,1
128,39,9,2,8,53.13,11.45,12.59,19.79,53.43,13.15,1
129,39,9,2,8,88.3,11.45,12.59,0.63,53.43,13.15,1
130,39,9,2,8,100.0,11.45,12.59,14.59,53.43,13.15,0
131,39,9,2,8,100.0,11.45,12.59,20.96,53.43,13.15,0
132,39,9,2,9,100.0,38.7,12.59,53.95,26.6,13.15,0
133,39,9,2,9,87.21,38.7,12.59,43.65,26.6,13.15,1
134,39,9,2,9,89.16,38.7,12.59,118.35,26.6,13.15,0
135,39,9,2,9,92.28,38.7,12.59,148.21,26.6,13.15,0
136,39,9,2,10,100.0,75.43,12.59,121.96,15.13,13.15,0
137,39,9,2,10,83.56,75.43,12.59,63.74,15.13,13.15,1
138,39,9,2,10,58.64,75.43,12.59,51.86,15.13,13.15,1
139,39,9,2,10,60.3,75.43,12.59,128.78,15.13,13.15,0
140,39,9,2,11,79.81,100.0,12.59,107.84,41.02,13.15,0
141,39,9,2,11,58.45,100.0,12.59,15.37,41.02,13.15,1
142,39,9,2,11,33.02,100.0,12.59,4.96,41.02,13.15,0
143,39,9,2,11,21.33,100.0,12.59,35.11,41.02,13.15,0
144,39,9,2,12,42.8,89.31,36.75,54.12,12.04,14.15,1
145,39,9,2,12,66.93,89.31,36.75,58.84,12.04,14.15,1
146,39,9,2,12,82.65,89.31,36.75,49.2,12.04,14.15,1
147,39,9,2,12,97.67,89.31,36.75,61.19,12.04,14.15,1
148,39,9,2,13,96.62,84.83,36.75,60.85,42.89,14.15,1
149,39,9,2,13,85.96,84.83,36.75,41.62,42.89,14.15,1
150,39,9,2,13,48.18,84.83,36.75,24.73,42.89,14.15,1
151,39,9,2,13,26.52,84.83,36.75,34.02,42.89,14.15,0
152,39,9,2,14,18.12,66.67,36.75,19.73,38.59,14.15,0
153,39,9,2,14,43.7,66.67,36.75,32.47,38.59,14.15,1
154,39,9,2,14,85.09,66.67,36.75,133.91,38.59,14.15,0
155,39,9,2,14,100.0,66.67,36.75,116.39,38.59,14.15,0
156,39,9,2,15,97.46,78.73,36.75,92.09,123.83,14.15,0
157,39,9,2,15,86.77,78.73,36.75,59.94,123.83,14.15,1
158,39,9,2,15,75.0,78.73,36.75,67.73,123.83,14.15,1
159,39,9,2,15,50.31,78.73,36.75,52.58,123.83,14.15,1
160,39,9,2,16,36.26,81.31,66.7,58.69,101.36,50.65,0
161,39,9,2,16,39.04,81.31,66.7,51.68,101.36,50.65,0
162,39,9,2,16,78.87,81.31,66.7,71.59,101.36,50.65,0
163,39,9,2,16,95.34,81.31,66.7,83.37,101.36,50.65,0
164,39,9,2,17,86.8,96.88,66.7,59.34,102.1,50.65,0
165,39,9,2,17,89.07,96.88,66.7,81.04,102.1,50.65,0
166,39,9,2,17,71.91,96.88,66.7,53.85,102.1,50.65,0
167,39,9,2,17,75.83,96.88,66.7,60.98,102.1,50.65,0
168,39,9,2,18,46.24,97.03,66.7,42.81,93.42,50.65,0
169,39,9,2,18,24.7,97.03,66.7,8.76,93.42,50.65,0
170,39,9,2,18,5.06,97.03,66.7,44.12,93.42,50.65,0
171,39,9,2,18,0.0,97.03,66.7,69.84,93.42,50.65,0
172,39,9,2,19,2.06,74.64,66.7,72.69,36.91,50.65,0
173,39,9,2,19,8.67,74.64,66.7,70.43,36.91,50.65,0
174,39,9,2,19,23.16,74.64,66.7,64.23,36.91,50.65,0
175,39,9,2,19,65.5,74.64,66.7,36.88,36.91,50.65,0
176,39,9,2,20,81.48,47.58,88.39,47.98,40.62,34.65,0
177,39,9,2,20,51.55,47.58,88.39,70.38,40.62,34.65,0
178,39,9,2,20,14.13,47.58,88.39,76.51,40.62,34.65,0
179,39,9,2,20,0.0,47.58,88.39,77.74,40.62,34.65,0
180,39,9,2,21,0.0,4.41,88.39,78.55,6.94,34.65,0
181,39,9,2,21,9.76,4.41,88.39,58.22,6.94,34.65,0
182,39,9,2,21,35.05,4.41,88.39,42.21,6.94,34.65,0
183,39,9,2,21,77.78,4.41,88.39,38.09,6.94,34.65,0
184,39,9,2,22,98.48,10.42,88.39,35.24,17.8,34.65,0
185,39,9,2,22,87.04,10.42,88.39,38.44,17.8,34.65,0
186,39,9,2,22,83.91,10.42,88.39,18.14,17.8,34.65,0
187,39,9,2,22,41.89,10.42,88.39,42.51,17.8,34.65,0
188,39,9,2,23,37.65,12.91,88.39,34.91,12.49,34.65,0
189,39,9,2,23,39.78,12.91,88.39,0.79,12.49,34.65,0
190,39,9,2,23,62.37,12.91,88.39,9.66,12.49,34.65,0
191,39,9,2,23,80.0,12.91,88.39,5.07,12.49,34.65,0
192,39,9,3,0,55.7,25.0,82.47,29.48,10.9,14.83,0
193,39,9,3,0,64.29,25.0,82.47,14.76,10.9,14.83,0
194,39,9,3,0,37.5,25.0,82.47,20.32,10.9,14.83,0
195,39,9,3,0,29.27,25.0,82.47,60.41,10.9,14.83,0
196,39,9,3,1,14.29,37.28,82.47,26.8,2.88,14.83,0
197,39,9,3,1,22.81,37.28,82.47,16.15,2.88,14.83,0
198,39,9,3,1,34.04,37.28,82.47,42.47,2.88,14.83,0
199,39,9,3,1,52.63,37.28,82.47,4.85,2.88,14.83,0
200,39,9,3,2,71.15,43.79,82.47,15.48,2.76,14.83,0
201,39,9,3,2,77.08,43.79,82.47,40.23,2.76,14.83,0
202,39,9,3,2,28.81,43.79,82.47,118.44,2.76,14.83,0
203,39,9,3,2,19.74,43.79,82.47,73.1,2.76,14.83,0
204,39,9,3,3,9.38,36.56,82.47,107.64,18.28,14.83,0
205,39,9,3,3,25.53,36.56,82.47,52.49,18.28,14.83,0
206,39,9,3,3,29.49,36.56,82.47,69.08,18.28,14.83,0
207,39,9,3,3,54.24,36.56,82.47,60.66,18.28,14.83,0
208,39,9,3,4,17.0,9.56,57.71,165.22,53.42,12.96,0
209,39,9,3,4,36.77,9.56,57.71,58.08,53.42,12.96,0
210,39,9,3,4,32.84,9.56,57.71,101.34,53.42,12.96,0
211,39,9,3,4,51.52,9.56,57.71,63.56,53.42,12.96,0
212,39,9,3,5,60.64,26.5,57.71,12.74,32.17,12.96,0
213,39,9,3,5,70.3,26.5,57.71,47.79,32.17,12.96,0
214,39,9,3,5,85.92,26.5,57.71,3.22,32.17,12.96,0
215,39,9,3,5,83.19,26.5,57.71,22.57,32.17,12.96,0
216,39,9,3,6,99.09,47.39,57.71,22.26,26.25,12.96,1
217,39,9,3,6,86.14,47.39,57.71,1.13,26.25,12.96,1
218,39,9,3,6,71.43,47.39,57.71,12.0,26.25,12.96,1
219,39,9,3,6,70.83,47.39,57.71,64.71,26.25,12.96,1
220,39,9,3,7,88.57,80.65,57.71,71.77,14.37,12.96,0
221,39,9,3,7,97.7,80.65,57.71,66.12,14.37,12.96,0
222,39,9,3,7,94.12,80.65,57.71,58.64,14.37,12.96,1
223,39,9,3,7,73.53,80.65,57.71,35.23,14.37,12.96,1
224,39,9,3,8,32.35,79.35,37.22,3.13,36.86,6.22,0
225,39,9,3,8,7.04,79.35,37.22,8.74,36.86,6.22,0
226,39,9,3,8,5.26,79.35,37.22,23.19,36.86,6.22,0
227,39,9,3,8,5.26,79.35,37.22,27.68,36.86,6.22,0
228,39,9,3,9,0.0,59.55,37.22,75.08,49.08,6.22,0
229,39,9,3,9,38.83,59.55,37.22,25.42,49.08,6.22,1
230,39,9,3,9,71.55,59.55,37.22,29.86,49.08,6.22,1
231,39,9,3,9,85.71,59.55,37.22,28.84,49.08,6.22,1
232,39,9,3,10,59.69,27.84,37.22,72.71,45.6,6.22,0
233,39,9,3,10,67.5,27.84,37.22,122.88,45.6,6.22,0
234,39,9,3,10,84.68,27.84,37.22,145.21,45.6,6.22,0
235,39,9,3,10,77.11,27.84,37.22,15.17,45.6,6.22,1
236,39,9,3,11,64.13,39.2,37.22,45.3,3.82,6.22,1
237,39,9,3,11,52.36,39.2,37.22,89.18,3.82,6.22,0
238,39,9,3,11,74.32,39.2,37.22,124.82,3.82,6.22,0
239,39,9,3,11,74.06,39.2,37.22,55.46,3.82,6.22,1
240,39,9,3,12,53.28,72.28,24.34,17.82,0.48,24.9,1
241,39,9,3,12,26.43,72.28,24.34,39.39,0.48,24.9,0
242,39,9,3,12,7.3,72.28,24.34,15.6,0.48,24.9,0
243,39,9,3,12,7.91,72.28,24.34,19.39,0.48,24.9,0
244,39,9,3,13,3.19,89.58,24.34,12.45,8.97,24.9,0
245,39,9,3,13,3.92,89.58,24.34,41.11,8.97,24.9,0
246,39,9,3,13,3.31,89.58,24.34,107.28,8.97,24.9,0
247,39,9,3,13,0.0,89.58,24.34,105.92,8.97,24.9,0
248,39,9,3,14,0.0,35.41,24.34,137.87,160.86,24.9,0
249,39,9,3,14,0.0,35.41,24.34,122.5,160.86,24.9,0
250,39,9,3,14,0.0,35.41,24.34,121.89,160.86,24.9,0
251,39,9,3,14,0.0,35.41,24.34,113.67,160.86,24.9,0
252,39,9,3,15,0.0,8.03,24.34,109.06,175.42,24.9,0
253,39,9,3,15,0.5,8.03,24.34,92.69,175.42,24.9,0
254,39,9,3,15,0.64,8.03,24.34,84.27,175.42,24.9,0
255,39,9,3,15,6.25,8.03,24.34,70.71,175.42,24.9,0
256,39,9,3,16,37.04,5.56,22.42,51.59,118.96,65.87,0
257,39,9,3,16,33.15,5.56,22.42,76.44,118.96,65.87,0
258,39,9,3,16,19.51,5.56,22.42,74.85,118.96,65.87,0
259,39,9,3,16,7.21,5.56,22.42,60.83,118.96,65.87,0
260,39,9,3,17,19.94,4.77,22.42,48.56,123.32,65.87,0
261,39,9,3,17,41.41,4.77,22.42,44.55,123.32,65.87,0
262,39,9,3,17,70.18,4.77,22.42,29.58,123.32,65.87,0
263,39,9,3,17,100.0,4.77,22.42,22.01,123.32,65.87,0
264,39,9,3,18,100.0,24.22,22.42,35.73,49.16,65.87,0
265,39,9,3,18,95.4,24.22,22.42,34.28,49.16,65.87,0
266,39,9,3,18,95.05,24.22,22.42,58.13,49.16,65.87,0
267,39,9,3,18,93.71,24.22,22.42,86.16,49.16,65.87,0
268,39,9,3,19,100.0,53.57,22.42,108.23,6.67,65.87,0
269,39,9,3,19,68.32,53.57,22.42,51.05,6.67,65.87,0
270,39,9,3,19,38.92,53.57,22.42,31.62,6.67,65.87,0
271,39,9,3,19,6.5,53.57,22.42,30.09,6.67,65.87,0
272,39,9,3,20,18.79,90.56,30.34,62.86,26.33,19.97,0
273,39,9,3,20,55.11,90.56,30.34,92.94,26.33,19.97,0
274,39,9,3,20,79.95,90.56,30.34,69.22,26.33,19.97,0
275,39,9,3,20,94.05,90.56,30.34,92.67,26.33,19.97,0
276,39,9,3,21,94.1,93.83,30.34,90.08,37.99,19.97,0
277,39,9,3,21,100.0,93.83,30.34,101.79,37.99,19.97,0
278,39,9,3,21,65.37,93.83,30.34,29.67,37.99,19.97,0
279,39,9,3,21,24.96,93.83,30.34,46.36,37.99,19.97,0
280,39,9,3,22,24.97,85.94,30.34,45.76,14.28,19.97,0
281,39,9,3,22,42.42,85.94,30.34,45.54,14.28,19.97,0
282,39,9,3,22,62.47,85.94,30.34,7.17,14.28,19.97,0
283,39,9,3,22,59.03,85.94,30.34,19.45,14.28,19.97,0
284,39,9,3,23,40.15,64.25,30.34,48.27,47.45,19.97,0
285,39,9,3,23,18.3,64.25,30.34,82.51,47.45,19.97,0
286,39,9,3,23,4.37,64.25,30.34,65.32,47.45,19.97,0
287,39,9,3,23,13.71,64.25,30.34,50.57,47.45,19.97,0
288,39,9,4,0,18.83,19.43,14.32,77.31,68.64,64.99,0
289,39,9,4,0,52.08,19.43,14.32,7.61,68.64,64.99,0
290,39,9,4,0,61.98,19.43,14.32,32.3,68.64,64.99,0
291,39,9,4,0,72.27,19.43,14.32,42.05,68.64,64.99,0
292,39,9,4,1,49.07,2.23,14.32,52.45,55.62,64.99,0
293,39,9,4,1,33.23,2.23,14.32,42.53,55.62,64.99,0
294,39,9,4,1,32.42,2.23,14.32,26.0,55.62,64.99,0
295,39,9,4,1,54.01,2.23,14.32,10.85,55.62,64.99,0
296,39,9,4,2,94.71,13.82,14.32,2.1,22.98,64.99,0
297,39,9,4,2,100.0,13.82,14.32,16.67,22.98,64.99,0
298,39,9,4,2,96.05,13.82,14.32,14.47,22.98,64.99,0
299,39,9,4,2,94.96,13.82,14.32,27.56,22.98,64.99,0
300,39,9,4,3,58.93,29.51,14.32,1.81,29.04,64.99,0
301,39,9,4,3,71.53,29.51,14.32,84.03,29.04,64.99,0
302,39,9,4,3,80.6,29.51,14.32,109.13,29.04,64.99,0
303,39,9,4,3,85.27,29.51,14.32,63.52,29.04,64.99,0
304,39,9,4,4,76.74,66.75,31.05,66.36,9.0,9.93,0
305,39,9,4,4,51.65,66.75,31.05,39.83,9.0,9.93,0
306,39,9,4,4,24.45,66.75,31.05,47.7,9.0,9.93,0
307,39,9,4,4,0.0,66.75,31.05,46.99,9.0,9.93,0
308,39,9,4,5,0.0,59.76,31.05,77.77,41.5,9.93,0
309,39,9,4,5,5.03,59.76,31.05,53.03,41.5,9.93,0
310,39,9,4,5,19.44,59.76,31.05,31.91,41.5,9.93,0
311,39,9,4,5,54.4,59.76,31.05,13.43,41.5,9.93,0
312,39,9,4,6,94.74,46.94,31.05,25.05,22.87,9.93,1
313,39,9,4,6,95.57,46.94,31.05,9.8,22.87,9.93,1
314,39,9,4,6,96.11,46.94,31.05,44.88,22.87,9.93,1
315,39,9,4,6,95.83,46.94,31.05,32.07,22.87,9.93,1
316,39,9,4,7,89.29,34.81,31.05,24.5,6.97,9.93,1
317,39,9,4,7,71.61,34.81,31.05,11.87,6.97,9.93,1
318,39,9,4,7,47.11,34.81,31.05,5.37,6.97,9.93,1
319,39,9,4,7,7.21,34.81,31.05,31.52,6.97,9.93,0
320,39,9,4,8,22.05,52.85,32.98,2.06,2.82,29.94,0
321,39,9,4,8,6.54,52.85,32.98,190.22,2.82,29.94,0
322,39,9,4,8,3.94,52.85,32.98,143.77,2.82,29.94,0
323,39,9,4,8,0.0,52.85,32.98,145.63,2.82,29.94,0
324,39,9,4,9,0.0,20.8,32.98,117.32,173.74,29.94,0
325,39,9,4,9,2.5,20.8,32.98,93.24,173.74,29.94,0
326,39,9,4,9,3.35,20.8,32.98,100.75,173.74,29.94,0
327,39,9,4,9,19.08,20.8,32.98,76.57,173.74,29.94,0
328,39,9,4,10,39.47,11.22,32.98,59.74,119.65,29.94,0
329,39,9,4,10,54.45,11.22,32.98,72.12,119.65,29.94,0
330,39,9,4,10,64.21,11.22,32.98,49.25,119.65,29.94,0
331,39,9,4,10,56.79,11.22,32.98,45.99,119.65,29.94,0
332,39,9,4,11,72.73,3.82,32.98,46.68,117.06,29.94,0
333,39,9,4,11,80.0,3.82,32.98,23.2,117.06,29.94,0
334,39,9,4,11,82.48,3.82,32.98,21.99,117.06,29.94,0
335,39,9,4,11,96.82,3.82,32.98,7.24,117.06,29.94,0
336,39,9,4,12,87.39,9.81,26.18,11.1,81.2,147.18,1
337,39,9,4,12,79.17,9.81,26.18,5.67,81.2,147.18,1
338,39,9,4,12,72.6,9.81,26.18,14.09,81.2,147.18,1
339,39,9,4,12,43.59,9.81,26.18,1.53,81.2,147.18,1
340,39,9,4,13,25.48,11.73,26.18,16.54,83.91,147.18,0
341,39,9,4,13,25.1,11.73,26.18,44.26,83.91,147.18,0
342,39,9,4,13,48.96,11.73,26.18,61.69,83.91,147.18,0
343,39,9,4,13,83.44,11.73,26.18,85.79,83.91,147.18,0
344,39,9,4,14,94.86,40.6,26.18,91.01,44.87,147.18,0
345,39,9,4,14,80.85,40.6,26.18,34.88,44.87,147.18,1
346,39,9,4,14,44.91,40.6,26.18,19.78,44.87,147.18,1
347,39,9,4,14,3.61,40.6,26.18,36.61,44.87,147.18,0
348,39,9,4,15,0.0,51.61,26.18,59.25,75.31,147.18,0
349,39,9,4,15,9.02,51.61,26.18,34.33,75.31,147.18,0
350,39,9,4,15,8.61,51.61,26.18,144.26,75.31,147.18,0
351,39,9,4,15,7.03,51.61,26.18,157.37,75.31,147.18,0
352,39,9,4,16,0.0,23.59,6.26,142.55,115.57,167.05,0
353,39,9,4,16,2.79,23.59,6.26,108.01,115.57,167.05,0
354,39,9,4,16,8.51,23.59,6.26,87.09,115.57,167.05,0
355,39,9,4,16,16.25,23.59,6.26,83.23,115.57,167.05,0
356,39,9,4,17,45.48,8.33,6.26,58.35,88.31,167.05,0
357,39,9,4,17,85.21,8.33,6.26,25.77,88.31,167.05,0
358,39,9,4,17,100.0,8.33,6.26,16.0,88.31,167.05,0
359,39,9,4,17,83.16,8.33,6.26,39.05,88.31,167.05,0
360,39,9,4,18,49.41,6.49,6.26,64.18,88.89,167.05,0
361,39,9,4,18,13.89,6.49,6.26,83.69,88.89,167.05,0
362,39,9,4,18,6.55,6.49,6.26,62.5,88.89,167.05,0
363,39,9,4,18,9.55,6.49,6.26,64.35,88.89,167.05,0
364,39,9,4,19,18.49,7.09,6.26,57.57,87.0,167.05,0
365,39,9,4,19,41.77,7.09,6.26,27.25,87.0,167.05,0
366,39,9,4,19,80.63,7.09,6.26,11.45,87.0,167.05,0
367,39,9,4,19,100.0,7.09,6.26,6.74,87.0,167.05,0
368,39,9,4,20,78.99,4.76,0.0,36.75,72.21,130.32,0
369,39,9,4,20,41.83,4.76,0.0,75.34,72.21,130.32,0
370,39,9,4,20,11.46,4.76,0.0,64.44,72.21,130.32,0
371,39,9,4,20,2.1,4.76,0.0,69.84,72.21,130.32,0
372,39,9,4,21,2.43,5.08,0.0,64.39,76.13,130.32,0
373,39,9,4,21,0.0,5.08,0.0,93.53,76.13,130.32,0
374,39,9,4,21,0.0,5.08,0.0,85.48,76.13,130.32,0
375,39,9,4,21,0.0,5.08,0.0,81.5,76.13,130.32,0
376,39,9,4,22,10.26,6.79,0.0,60.16,77.4,130.32,0
377,39,9,4,22,8.91,6.79,0.0,113.23,77.4,130.32,0
378,39,9,4,22,35.25,6.79,0.0,61.85,77.4,130.32,0
379,39,9,4,22,31.57,6.79,0.0,90.26,77.4,130.32,0
380,39,9,4,23,46.8,0.0,0.0,65.23,80.6,130.32,0
381,39,9,4,23,33.01,0.0,0.0,73.06,80.6,130.32,0
382,39,9,4,23,28.37,0.0,0.0,75.11,80.6,130.32,0
383,39,9,4,23,11.45,0.0,0.0,75.56,80.6,130.32,0
384,39,9,5,0,0.0,0.0,0.0,69.21,84.27,137.52,0
385,39,9,5,0,0.87,0.0,0.0,62.47,84.27,137.52,0
386,39,9,5,0,1.1,0.0,0.0,62.3,84.27,137.52,0
387,39,9,5,0,1.67,0.0,0.0,66.15,84.27,137.52,0
388,39,9,5,1,0.0,0.0,0.0,62.64,79.47,137.52,0
389,39,9,5,1,0.0,0.0,0.0,73.4,79.47,137.52,0
390,39,9,5,1,7.25,0.0,0.0,63.59,79.47,137.52,0
391,39,9,5,1,12.84,0.0,0.0,60.02,79.47,137.52,0
392,39,9,5,2,15.2,0.0,0.0,64.34,77.75,137.52,0
393,39,9,5,2,24.14,0.0,0.0,52.06,77.75,137.52,0
394,39,9,5,2,16.44,0.0,0.0,61.48,77.75,137.52,0
395,39,9,5,2,39.29,0.0,0.0,50.33,77.75,137.52,0
396,39,9,5,3,46.88,2.44,0.0,41.37,70.68,137.52,0
397,39,9,5,3,88.12,2.44,0.0,3.98,70.68,137.52,0
398,39,9,5,3,99.35,2.44,0.0,18.45,70.68,137.52,0
399,39,9,5,3,96.41,2.44,0.0,14.77,70.68,137.52,0
400,39,9,5,4,96.53,20.17,0.39,53.02,58.22,111.16,0
401,39,9,5,4,91.03,20.17,0.39,52.25,58.22,111.16,0
402,39,9,5,4,94.07,20.17,0.39,74.94,58.22,111.16,0
403,39,9,5,4,68.83,20.17,0.39,46.08,58.22,111.16,0
404,39,9,5,5,75.36,56.74,0.39,73.69,51.53,111.16,0
405,39,9,5,5,77.63,56.74,0.39,86.37,51.53,111.16,0
406,39,9,5,5,100.0,56.74,0.39,109.14,51.53,111.16,0
407,39,9,5,5,96.75,56.74,0.39,88.61,51.53,111.16,0
408,39,9,5,6,96.95,100.0,0.39,82.8,39.52,111.16,0
409,39,9,5,6,96.48,100.0,0.39,82.96,39.52,111.16,0
410,39,9,5,6,92.71,100.0,0.39,67.51,39.52,111.16,0
411,39,9,5,6,63.51,100.0,0.39,48.62,39.52,111.16,0
412,39,9,5,7,38.18,100.0,0.39,57.3,35.09,111.16,0
413,39,9,5,7,55.74,100.0,0.39,60.32,35.09,111.16,0
414,39,9,5,7,44.74,100.0,0.39,16.62,35.09,111.16,0
415,39,9,5,7,13.64,100.0,0.39,73.0,35.09,111.16,0
416,39,9,5,8,30.74,93.24,2.48,23.1,35.09,91.95,0
417,39,9,5,8,32.65,93.24,2.48,54.76,35.09,91.95,0
418,39,9,5,8,55.06,93.24,2.48,13.62,35.09,91.95,1
419,39,9,5,8,58.75,93.24,2.48,6.97,35.09,91.95,1
420,39,9,5,9,88.02,91.03,2.48,63.81,24.84,91.95,0
421,39,9,5,9,59.57,91.03,2.48,88.75,24.84,91.95,0
422,39,9,5,9,21.74,91.03,2.48,160.53,24.84,91.95,0
423,39,9,5,9,0.0,91.03,2.48,151.31,24.84,91.95,0
424,39,9,5,10,0.31,26.35,2.48,119.17,76.78,91.95,0
425,39,9,5,10,0.33,26.35,2.48,106.62,76.78,91.95,0
426,39,9,5,10,0.42,26.35,2.48,104.69,76.78,91.95,0
427,39,9,5,10,13.89,26.35,2.48,73.24,76.78,91.95,0
428,39,9,5,11,18.78,9.66,2.48,94.93,93.94,91.95,0
429,39,9,5,11,61.68,9.66,2.48,45.69,93.94,91.95,1
430,39,9,5,11,44.44,9.66,2.48,70.33,93.94,91.95,0
431,39,9,5,11,47.83,9.66,2.48,66.48,93.94,91.95,0
432,39,9,5,12,12.5,0.0,3.18,83.38,99.37,106.71,0
433,39,9,5,12,3.38,0.0,3.18,111.32,99.37,106.71,0
434,39,9,5,12,0.0,0.0,3.18,106.02,99.37,106.71,0
435,39,9,5,12,0.0,0.0,3.18,94.37,99.37,106.71,0
436,39,9,5,13,0.0,0.0,3.18,89.76,121.15,106.71,0
437,39,9,5,13,0.0,0.0,3.18,99.59,121.15,106.71,0
438,39,9,5,13,4.42,0.0,3.18,83.27,121.15,106.71,0
439,39,9,5,13,6.88,0.0,3.18,79.04,121.15,106.71,0
440,39,9,5,14,6.88,0.0,3.18,92.68,128.92,106.71,0
441,39,9,5,14,1.57,0.0,3.18,90.74,128.92,106.71,0
442,39,9,5,14,13.13,0.0,3.18,68.21,128.92,106.71,0
443,39,9,5,14,14.77,0.0,3.18,74.89,128.92,106.71,0
444,39,9,5,15,37.41,1.53,3.18,53.98,105.65,106.71,0
445,39,9,5,15,23.4,1.53,3.18,66.69,105.65,106.71,0
446,39,9,5,15,36.41,1.53,3.18,56.41,105.65,106.71,0
447,39,9,5,15,40.48,1.53,3.18,37.35,105.65,106.71,1
448,39,9,5,16,76.09,5.89,2.71,27.18,89.4,108.65,0
449,39,9,5,16,99.65,5.89,2.71,11.32,89.4,108.65,0
450,39,9,5,16,70.99,5.89,2.71,42.95,89.4,108.65,0
451,39,9,5,16,51.83,5.89,2.71,27.69,89.4,108.65,0
452,39,9,5,17,18.86,7.98,2.71,36.03,87.36,108.65,0
453,39,9,5,17,35.82,7.98,2.71,0.99,87.36,108.65,0
454,39,9,5,17,62.62,7.98,2.71,57.69,87.36,108.65,0
455,39,9,5,17,90.34,7.98,2.71,81.95,87.36,108.65,0
456,39,9,5,18,100.0,47.83,2.71,176.08,18.68,108.65,0
457,39,9,5,18,100.0,47.83,2.71,151.15,18.68,108.65,0
458,39,9,5,18,97.33,47.83,2.71,113.73,18.68,108.65,0
459,39,9,5,18,97.16,47.83,2.71,103.97,18.68,108.65,0
460,39,9,5,19,95.91,82.96,2.71,89.78,1.03,108.65,0
461,39,9,5,19,100.0,82.96,2.71,85.27,1.03,108.65,0
462,39,9,5,19,70.9,82.96,2.71,62.63,1.03,108.65,0
463,39,9,5,19,24.89,82.96,2.71,39.76,1.03,108.65,0
464,39,9,5,20,5.61,92.94,15.52,39.7,15.31,75.05,0
465,39,9,5,20,4.01,92.94,15.52,30.3,15.31,75.05,0
466,39,9,5,20,20.68,92.94,15.52,40.9,15.31,75.05,0
467,39,9,5,20,28.06,92.94,15.52,27.39,15.31,75.05,0
468,39,9,5,21,49.15,86.41,15.52,22.9,13.65,75.05,0
469,39,9,5,21,19.89,86.41,15.52,8.36,13.65,75.05,0
470,39,9,5,21,7.58,86.41,15.52,1.52,13.65,75.05,0
471,39,9,5,21,15.96,86.41,15.52,6.05,13.65,75.05,0
472,39,9,5,22,25.0,69.42,15.52,9.69,18.57,75.05,0
473,39,9,5,22,52.52,69.42,15.52,13.21,18.57,75.05,0
474,39,9,5,22,51.26,69.42,15.52,25.8,18.57,75.05,0
475,39,9,5,22,42.73,69.42,15.52,71.92,18.57,75.05,0
476,39,9,5,23,38.53,49.54,15.52,48.06,16.75,75.05,0
477,39,9,5,23,37.04,49.54,15.52,43.64,16.75,75.05,0
478,39,9,5,23,44.79,49.54,15.52,55.12,16.75,75.05,0
479,39,9,5,23,17.69,49.54,15.52,94.61,16.75,75.05,0
480,40,10,1,0,1.81,0.0,25.01,88.54,28.05,74.95,0
481,40,10,1,0,44.03,0.0,25.01,32.72,28.05,74.95,0
482,40,10,1,0,68.2,0.0,25.01,12.48,28.05,74.95,0
483,40,10,1,0,84.11,0.0,25.01,0.74,28.05,74.95,0
484,40,10,1,1,75.7,20.0,25.01,7.78,9.31,74.95,0
485,40,10,1,1,54.33,20.0,25.01,58.99,9.31,74.95,0
486,40,10,1,1,32.65,20.0,25.01,68.9,9.31,74.95,0
487,40,10,1,1,1.03,20.0,25.01,59.93,9.31,74.95,0
488,40,10,1,2,1.69,32.08,25.01,56.37,15.61,74.95,0
489,40,10,1,2,2.38,32.08,25.01,57.06,15.61,74.95,0
490,40,10,1,2,32.0,32.08,25.01,5.66,15.61,74.95,0
491,40,10,1,2,47.3,32.08,25.01,45.27,15.61,74.95,0
492,40,10,1,3,46.24,50.0,25.01,34.95,9.74,74.95,0
493,40,10,1,3,47.92,50.0,25.01,11.11,9.74,74.95,0
494,40,10,1,3,79.09,50.0,25.01,38.42,9.74,74.95,0
495,40,10,1,3,88.71,50.0,25.01,13.37,9.74,74.95,0
496,40,10,1,4,70.99,47.39,44.81,2.04,0.97,64.45,0
497,40,10,1,4,32.0,47.39,44.81,65.36,0.97,64.45,0
498,40,10,1,4,8.02,47.39,44.81,112.91,0.97,64.45,0
499,40,10,1,4,0.0,47.39,44.81,109.41,0.97,64.45,0
500,40,10,1,5,9.63,33.63,44.81,68.12,14.88,64.45,0
501,40,10,1,5,25.2,33.63,44.81,58.71,14.88,64.45,0
502,40,10,1,5,49.15,33.63,44.81,63.72,14.88,64.45,0
503,40,10,1,5,75.42,33.63,44.81,50.56,14.88,64.45,0
504,40,10,1,6,50.91,17.19,44.81,98.71,27.0,64.45,0
505,40,10,1,6,25.41,17.19,44.81,86.7,27.0,64.45,0
506,40,10,1,6,0.0,17.19,44.81,87.38,27.0,64.45,0
507,40,10,1,6,10.46,17.19,44.81,61.35,27.0,64.45,0
508,40,10,1,7,20.16,0.0,44.81,62.39,24.14,64.45,0
509,40,10,1,7,27.17,0.0,44.81,70.46,24.14,64.45,0
510,40,10,1,7,13.24,0.0,44.81,71.13,24.14,64.45,0
511,40,10,1,7,0.0,0.0,44.81,75.17,24.14,64.45,0
512,40,10,1,8,23.85,0.0,41.5,44.12,25.58,66.07,0
513,40,10,1,8,57.94,0.0,41.5,18.7,25.58,66.07,0
514,40,10,1,8,74.62,0.0,41.5,41.56,25.58,66.07,0
515,40,10,1,8,67.38,0.0,41.5,39.48,25.58,66.07,0
516,40,10,1,9,26.52,0.0,41.5,126.77,50.77,66.07,0
517,40,10,1,9,31.67,0.0,41.5,51.34,50.77,66.07,0
518,40,10,1,9,34.45,0.0,41.5,61.25,50.77,66.07,0
519,40,10,1,9,30.48,0.0,41.5,146.71,50.77,66.07,0
520,40,10,1,10,11.69,0.0,41.5,136.02,84.84,66.07,0
521,40,10,1,10,0.54,0.0,41.5,111.79,84.84,66.07,0
522,40,10,1,10,6.79,0.0,41.5,82.24,84.84,66.07,0
523,40,10,1,10,39.04,0.0,41.5,0.69,84.84,66.07,0
524,40,10,1,11,75.72,35.09,41.5,37.08,24.81,66.07,1
525,40,10,1,11,100.0,35.09,41.5,66.12,24.81,66.07,0
526,40,10,1,11,93.65,35.09,41.5,36.75,24.81,66.07,1
527,40,10,1,11,91.29,35.09,41.5,58.92,24.81,66.07,1
528,40,10,1,12,89.43,71.9,57.81,109.71,20.88,51.68,0
529,40,10,1,12,98.36,71.9,57.81,100.52,20.88,51.68,0
530,40,10,1,12,99.71,71.9,57.81,87.11,20.88,51.68,0
531,40,10,1,12,99.76,71.9,57.81,114.29,20.88,51.68,0
532,40,10,1,13,96.7,99.48,57.81,92.72,58.15,51.68,0
533,40,10,1,13,90.06,99.48,57.81,77.42,58.15,51.68,0
534,40,10,1,13,72.69,99.48,57.81,64.14,58.15,51.68,1
535,40,10,1,13,45.34,99.48,57.81,44.99,58.15,51.68,1
536,40,10,1,14,21.12,92.43,57.81,36.36,22.6,51.68,0
537,40,10,1,14,24.88,92.43,57.81,52.65,22.6,51.68,0
538,40,10,1,14,25.63,92.43,57.81,21.85,22.6,51.68,0
539,40,10,1,14,20.0,92.43,57.81,8.01,22.6,51.68,0
540,40,10,1,15,0.0,73.36,57.81,21.54,22.52,51.68,0
541,40,10,1,15,15.14,73.36,57.81,4.54,22.52,51.68,0
542,40,10,1,15,16.67,73.36,57.81,52.77,22.52,51.68,0
543,40,10,1,15,56.27,73.36,57.81,52.81,22.52,51.68,1
544,40,10,1,16,68.56,58.06,59.34,21.31,41.09,45.11,0
545,40,10,1,16,57.59,58.06,59.34,78.81,41.09,45.11,0
546,40,10,1,16,26.07,58.06,59.34,74.3,41.09,45.11,0
547,40,10,1,16,21.96,58.06,59.34,3.74,41.09,45.11,0
548,40,10,1,17,35.99,33.27,59.34,38.2,4.49,45.11,0
549,40,10,1,17,39.16,33.27,59.34,79.28,4.49,45.11,0
550,40,10,1,17,15.92,33.27,59.34,76.77,4.49,45.11,0
551,40,10,1,17,0.0,33.27,59.34,149.29,4.49,45.11,0
552,40,10,1,18,11.21,25.04,59.34,93.5,92.14,45.11,0
553,40,10,1,18,17.69,25.04,59.34,90.3,92.14,45.11,0
554,40,10,1,18,20.0,25.04,59.34,111.32,92.14,45.11,0
555,40,10,1,18,9.97,25.04,59.34,111.59,92.14,45.11,0
556,40,10,1,19,0.0,4.59,59.34,100.73,144.46,45.11,0
557,40,10,1,19,4.68,4.59,59.34,82.04,144.46,45.11,0
558,40,10,1,19,22.12,4.59,59.34,59.76,144.46,45.11,0
559,40,10,1,19,56.51,4.59,59.34,45.94,144.46,45.11,0
560,40,10,1,20,71.11,2.23,35.5,62.81,109.29,71.18,0
561,40,10,1,20,43.11,2.23,35.5,61.64,109.29,71.18,0
562,40,10,1,20,27.64,2.23,35.5,41.0,109.29,71.18,0
563,40,10,1,20,44.94,2.23,35.5,31.52,109.29,71.18,0
564,40,10,1,21,77.61,9.11,35.5,23.42,75.49,71.18,0
565,40,10,1,21,92.34,9.11,35.5,16.13,75.49,71.18,0
566,40,10,1,21,99.53,9.11,35.5,12.84,75.49,71.18,0
567,40,10,1,21,99.39,9.11,35.5,2.15,75.49,71.18,0
568,40,10,1,22,75.53,20.02,35.5,7.7,68.01,71.18,0
569,40,10,1,22,78.43,20.02,35.5,33.17,68.01,71.18,0
570,40,10,1,22,71.19,20.02,35.5,41.44,68.01,71.18,0
571,40,10,1,22,83.33,20.02,35.5,40.25,68.01,71.18,0
572,40,10,1,23,74.31,44.19,35.5,46.88,47.5,71.18,0
573,40,10,1,23,65.14,44.19,35.5,53.15,47.5,71.18,0
574,40,10,1,23,48.61,44.19,35.5,38.24,47.5,71.18,0
575,40,10,1,23,0.0,44.19,35.5,34.25,47.5,71.18,0
576,40,10,2,0,31.25,74.53,25.26,43.78,44.55,57.4,0
577,40,10,2,0,64.52,74.53,25.26,40.15,44.55,57.4,0
578,40,10,2,0,66.67,74.53,25.26,22.03,44.55,57.4,0
579,40,10,2,0,50.0,74.53,25.26,27.93,44.55,57.4,0
580,40,10,2,1,8.47,80.7,25.26,32.56,54.59,57.4,0
581,40,10,2,1,43.18,80.7,25.26,24.01,54.59,57.4,0
582,40,10,2,1,50.0,80.7,25.26,10.77,54.59,57.4,0
583,40,10,2,1,64.49,80.7,25.26,51.61,54.59,57.4,0
584,40,10,2,2,48.51,59.02,25.26,54.71,43.18,57.4,0
585,40,10,2,2,47.13,59.02,25.26,0.76,43.18,57.4,0
586,40,10,2,2,65.28,59.02,25.26,11.58,43.18,57.4,0
587,40,10,2,2,91.38,59.02,25.26,10.41,43.18,57.4,0
588,40,10,2,3,91.23,34.67,25.26,15.41,36.25,57.4,1
589,40,10,2,3,42.86,34.67,25.26,133.5,36.25,57.4,0
590,40,10,2,3,23.71,34.67,25.26,86.08,36.25,57.4,0
591,40,10,2,3,23.93,34.67,25.26,44.94,36.25,57.4,0
592,40,10,2,4,43.75,47.59,13.95,33.67,37.38,55.17,0
593,40,10,2,4,68.87,47.59,13.95,14.17,37.38,55.17,0
594,40,10,2,4,88.39,47.59,13.95,85.44,37.38,55.17,0
595,40,10,2,4,61.42,47.59,13.95,79.71,37.38,55.17,0
596,40,10,2,5,28.48,34.29,13.95,108.62,44.16,55.17,0
597,40,10,2,5,0.0,34.29,13.95,96.25,44.16,55.17,0
598,40,10,2,5,0.0,34.29,13.95,122.5,44.16,55.17,0
599,40,10,2,5,9.04,34.29,13.95,73.16,44.16,55.17,0
600,40,10,2,6,15.17,11.18,13.95,88.88,47.17,55.17,0
601,40,10,2,6,28.75,11.18,13.95,85.18,47.17,55.17,0
602,40,10,2,6,35.0,11.18,13.95,51.73,47.17,55.17,1
603,40,10,2,6,50.0,11.18,13.95,52.38,47.17,55.17,0
604,40,10,2,7,53.06,0.0,13.95,68.99,44.55,55.17,0
605,40,10,2,7,57.14,0.0,13.95,33.85,44.55,55.17,0
606,40,10,2,7,28.81,0.0,13.95,74.36,44.55,55.17,0
607,40,10,2,7,68.67,0.0,13.95,4.07,44.55,55.17,0
608,40,10,2,8,37.74,0.0,14.68,68.56,43.06,56.19,0
609,40,10,2,8,17.24,0.0,14.68,171.68,43.06,56.19,0
610,40,10,2,8,0.0,0.0,14.68,145.44,43.06,56.19,0
611,40,10,2,8,0.0,0.0,14.68,126.71,43.06,56.19,0
612,40,10,2,9,0.0,0.0,14.68,132.63,106.72,56.19,0
613,40,10,2,9,0.0,0.0,14.68,131.88,106.72,56.19,0
614,40,10,2,9,0.0,0.0,14.68,116.12,106.72,56.19,0
615,40,10,2,9,14.64,0.0,14.68,74.73,106.72,56.19,0
616,40,10,2,10,17.68,0.0,14.68,92.75,115.96,56.19,0
617,40,10,2,10,17.46,0.0,14.68,107.08,115.96,56.19,0
618,40,10,2,10,0.94,0.0,14.68,90.91,115.96,56.19,0
619,40,10,2,10,12.7,0.0,14.68,65.07,115.96,56.19,0
620,40,10,2,11,43.1,5.3,14.68,34.83,89.52,56.19,1
621,40,10,2,11,56.86,5.3,14.68,57.01,89.52,56.19,1
622,40,10,2,11,47.16,5.3,14.68,65.76,89.52,56.19,1
623,40,10,2,11,11.95,5.3,14.68,76.58,89.52,56.19,0
624,40,10,2,12,0.32,3.98,5.54,93.18,144.59,99.38,0
625,40,10,2,12,0.0,3.98,5.54,99.43,144.59,99.38,0
626,40,10,2,12,13.78,3.98,5.54,62.46,144.59,99.38,0
627,40,10,2,12,37.16,3.98,5.54,51.16,144.59,99.38,0
628,40,10,2,13,61.0,4.38,5.54,68.11,121.15,99.38,1
629,40,10,2,13,73.78,4.38,5.54,50.65,121.15,99.38,1
630,40,10,2,13,54.63,4.38,5.54,60.91,121.15,99.38,1
631,40,10,2,13,37.93,4.38,5.54,65.94,121.15,99.38,1
632,40,10,2,14,22.73,2.83,5.54,41.03,98.43,99.38,0
633,40,10,2,14,67.99,2.83,5.54,16.29,98.43,99.38,1
634,40,10,2,14,95.13,2.83,5.54,16.92,98.43,99.38,1
635,40,10,2,14,99.05,2.83,5.54,29.34,98.43,99.38,1
636,40,10,2,15,96.69,19.78,5.54,27.34,64.07,99.38,1
637,40,10,2,15,97.53,19.78,5.54,90.18,64.07,99.38,0
638,40,10,2,15,83.5,19.78,5.54,58.4,64.07,99.38,1
639,40,10,2,15,72.28,19.78,5.54,56.59,64.07,99.38,1
640,40,10,2,16,62.03,50.3,14.67,68.42,40.07,75.96,0
641,40,10,2,16,66.46,50.3,14.67,78.65,40.07,75.96,0
642,40,10,2,16,58.4,50.3,14.67,52.61,40.07,75.96,0
643,40,10,2,16,25.14,50.3,14.67,34.58,40.07,75.96,0
644,40,10,2,17,0.0,74.12,14.67,28.07,46.71,75.96,0
645,40,10,2,17,30.92,74.12,14.67,61.12,46.71,75.96,0
646,40,10,2,17,51.42,74.12,14.67,42.64,46.71,75.96,0
647,40,10,2,17,70.29,74.12,14.67,34.13,46.71,75.96,0
648,40,10,2,18,83.8,93.87,14.67,114.87,5.57,75.96,0
649,40,10,2,18,93.5,93.87,14.67,114.31,5.57,75.96,0
650,40,10,2,18,100.0,93.87,14.67,105.6,5.57,75.96,0
651,40,10,2,18,94.46,93.87,14.67,82.61,5.57,75.96,0
652,40,10,2,19,85.34,94.23,14.67,76.41,12.83,75.96,0
653,40,10,2,19,77.27,94.23,14.67,87.13,12.83,75.96,0
654,40,10,2,19,48.21,94.23,14.67,61.85,12.83,75.96,0
655,40,10,2,19,42.31,94.23,14.67,55.33,12.83,75.96,0
656,40,10,2,20,5.91,91.47,31.66,14.34,2.21,60.44,0
657,40,10,2,20,1.81,91.47,31.66,6.99,2.21,60.44,0
658,40,10,2,20,0.0,91.47,31.66,4.97,2.21,60.44,0
659,40,10,2,20,0.0,91.47,31.66,13.03,2.21,60.44,0
660,40,10,2,21,0.0,70.16,31.66,30.32,17.57,60.44,0
661,40,10,2,21,0.0,70.16,31.66,34.78,17.57,60.44,0
662,40,10,2,21,10.1,70.16,31.66,27.04,17.57,60.44,0
663,40,10,2,21,36.26,70.16,31.66,21.39,17.57,60.44,0
664,40,10,2,22,64.96,43.03,31.66,34.63,9.81,60.44,0
665,40,10,2,22,89.66,43.03,31.66,16.91,9.81,60.44,0
666,40,10,2,22,92.96,43.03,31.66,12.2,9.81,60.44,0
667,40,10,2,22,100.0,43.03,31.66,11.72,9.81,60.44,0
668,40,10,2,23,92.01,35.66,31.66,2.81,12.52,60.44,0
669,40,10,2,23,85.77,35.66,31.66,7.7,12.52,60.44,0
670,40,10,2,23,59.31,35.66,31.66,13.55,12.52,60.44,0
671,40,10,2,23,28.57,35.66,31.66,20.46,12.52,60.44,0
672,40,10,3,0,0.0,35.94,50.97,29.95,2.43,60.83,0
673,40,10,3,0,0.0,35.94,50.97,27.72,2.43,60.83,0
674,40,10,3,0,1.27,35.94,50.97,21.72,2.43,60.83,0
675,40,10,3,0,20.69,35.94,50.97,10.61,2.43,60.83,0
676,40,10,3,1,39.19,49.85,50.97,12.07,7.46,60.83,0
677,40,10,3,1,71.21,49.85,50.97,11.29,7.46,60.83,0
678,40,10,3,1,62.5,49.85,50.97,6.06,7.46,60.83,0
679,40,10,3,1,91.14,49.85,50.97,40.06,7.46,60.83,0
680,40,10,3,2,94.68,54.9,50.97,36.08,23.76,60.83,0
681,40,10,3,2,100.0,54.9,50.97,50.49,23.76,60.83,0
682,40,10,3,2,100.0,54.9,50.97,61.29,23.76,60.83,0
683,40,10,3,2,100.0,54.9,50.97,58.84,23.76,60.83,0
684,40,10,3,3,74.44,65.9,50.97,12.2,29.27,60.83,0
685,40,10,3,3,71.95,65.9,50.97,77.12,29.27,60.83,0
686,40,10,3,3,39.18,65.9,50.97,10.8,29.27,60.83,0
687,40,10,3,3,26.57,65.9,50.97,51.28,29.27,60.83,0
688,40,10,3,4,0.49,54.84,64.37,94.54,13.81,59.83,0
689,40,10,3,4,0.0,54.84,64.37,115.09,13.81,59.83,0
690,40,10,3,4,0.0,54.84,64.37,127.29,13.81,59.83,0
691,40,10,3,4,5.43,54.84,64.37,89.62,13.81,59.83,0
692,40,10,3,5,65.01,80.38,64.37,170.29,98.32,59.83,0
693,40,10,3,5,92.6,80.38,64.37,171.44,98.32,59.83,0
694,40,10,3,5,100.0,80.38,64.37,136.92,98.32,59.83,0
695,40,10,3,5,95.71,80.38,64.37,95.96,98.32,59.83,0
696,40,10,3,6,91.93,91.66,64.37,91.37,120.06,59.83,0
697,40,10,3,6,78.07,91.66,64.37,71.44,120.06,59.83,0
698,40,10,3,6,57.61,91.66,64.37,71.63,120.06,59.83,0
699,40,10,3,6,31.1,91.66,64.37,62.0,120.06,59.83,0
700,40,10,3,7,34.0,95.49,64.37,46.48,91.23,59.83,1
701,40,10,3,7,13.21,95.49,64.37,35.27,91.23,59.83,0
702,40,10,3,7,0.0,95.49,64.37,28.73,91.23,59.83,0
703,40,10,3,7,0.0,95.49,64.37,24.06,91.23,59.83,0
704,40,10,3,8,10.75,89.96,77.71,27.13,77.03,9.77,0
705,40,10,3,8,36.36,89.96,77.71,27.82,77.03,9.77,1
706,40,10,3,8,88.83,89.96,77.71,45.64,77.03,9.77,1
707,40,10,3,8,97.75,89.96,77.71,39.66,77.03,9.77,1
708,40,10,3,9,97.2,87.2,77.71,36.79,88.56,9.77,1
709,40,10,3,9,66.0,87.2,77.71,1.65,88.56,9.77,1
710,40,10,3,9,37.05,87.2,77.71,0.78,88.56,9.77,0
711,40,10,3,9,39.01,87.2,77.71,60.17,88.56,9.77,1
712,40,10,3,10,55.79,84.13,77.71,5.19,76.53,9.77,1
713,40,10,3,10,60.42,84.13,77.71,17.05,76.53,9.77,1
714,40,10,3,10,26.62,84.13,77.71,55.24,76.53,9.77,0
715,40,10,3,10,8.48,84.13,77.71,96.16,76.53,9.77,0
716,40,10,3,11,15.99,70.81,77.71,27.58,60.32,9.77,0
717,40,10,3,11,15.85,70.81,77.71,104.07,60.32,9.77,0
718,40,10,3,11,27.92,70.81,77.71,70.21,60.32,9.77,0
719,40,10,3,11,11.65,70.81,77.71,77.48,60.32,9.77,0
720,40,10,3,12,32.51,24.5,91.78,34.25,43.47,9.85,0
721,40,10,3,12,22.18,24.5,91.78,100.25,43.47,9.85,0
722,40,10,3,12,17.98,24.5,91.78,96.67,43.47,9.85,0
723,40,10,3,12,1.75,24.5,91.78,82.47,43.47,9.85,0
724,40,10,3,13,14.67,3.57,91.78,53.07,21.54,9.85,0
725,40,10,3,13,17.74,3.57,91.78,76.54,21.54,9.85,0
726,40,10,3,13,16.05,3.57,91.78,94.37,21.54,9.85,0
727,40,10,3,13,10.5,3.57,91.78,71.43,21.54,9.85,0
728,40,10,3,14,7.27,0.0,91.78,108.2,28.82,9.85,0
729,40,10,3,14,5.56,0.0,91.78,127.75,28.82,9.85,0
730,40,10,3,14,1.31,0.0,91.78,104.08,28.82,9.85,0
731,40,10,3,14,1.24,0.0,91.78,96.75,28.82,9.85,0
732,40,10,3,15,10.85,0.0,91.78,70.76,44.21,9.85,0
733,40,10,3,15,26.91,0.0,91.78,63.62,44.21,9.85,0
734,40,10,3,15,36.67,0.0,91.78,92.47,44.21,9.85,0
735,40,10,3,15,17.65,0.0,91.78,87.18,44.21,9.85,0
736,40,10,3,16,0.0,0.0,57.5,100.84,92.31,78.81,0
737,40,10,3,16,9.63,0.0,57.5,74.06,92.31,78.81,0
738,40,10,3,16,23.23,0.0,57.5,62.53,92.31,78.81,0
739,40,10,3,16,45.87,0.0,57.5,59.46,92.31,78.81,0
740,40,10,3,17,80.0,7.84,57.5,43.46,63.89,78.81,0
741,40,10,3,17,91.74,7.84,57.5,22.36,63.89,78.81,0
742,40,10,3,17,73.98,7.84,57.5,44.41,63.89,78.81,0
743,40,10,3,17,31.79,7.84,57.5,71.32,63.89,78.81,0
744,40,10,3,18,28.53,15.57,57.5,28.39,64.79,78.81,0
745,40,10,3,18,33.1,15.57,57.5,44.93,64.79,78.81,0
746,40,10,3,18,35.25,15.57,57.5,81.96,64.79,78.81,0
747,40,10,3,18,12.38,15.57,57.5,101.67,64.79,78.81,0
748,40,10,3,19,5.42,19.41,57.5,81.27,90.05,78.81,0
749,40,10,3,19,14.89,19.41,57.5,62.87,90.05,78.81,0
750,40,10,3,19,35.42,19.41,57.5,51.04,90.05,78.81,0
751,40,10,3,19,43.72,19.41,57.5,73.46,90.05,78.81,0
752,40,10,3,20,24.55,11.02,20.9,107.93,99.1,90.82,0
753,40,10,3,20,4.83,11.02,20.9,93.96,99.1,90.82,0
754,40,10,3,20,23.06,11.02,20.9,47.45,99.1,90.82,0
755,40,10,3,20,53.69,11.02,20.9,26.65,99.1,90.82,0
756,40,10,3,21,68.55,6.45,20.9,57.18,79.7,90.82,0
757,40,10,3,21,60.63,6.45,20.9,55.74,79.7,90.82,0
758,40,10,3,21,25.86,6.45,20.9,73.71,79.7,90.82,0
759,40,10,3,21,9.8,6.45,20.9,67.75,79.7,90.82,0
760,40,10,3,22,10.42,9.59,20.9,46.82,76.41,90.82,0
761,40,10,3,22,11.69,9.59,20.9,79.92,76.41,90.82,0
762,40,10,3,22,34.07,9.59,20.9,51.52,76.41,90.82,0
763,40,10,3,22,34.41,9.59,20.9,50.71,76.41,90.82,0
764,40,10,3,23,58.33,12.05,20.9,45.54,72.83,90.82,0
765,40,10,3,23,69.38,12.05,20.9,30.13,72.83,90.82,0
766,40,10,3,23,37.61,12.05,20.9,122.86,72.83,90.82,0
767,40,10,3,23,11.46,12.05,20.9,162.84,72.83,90.82,0
768,40,10,4,0,0.0,2.88,0.0,160.65,116.14,119.39,0
769,40,10,4,0,0.0,2.88,0.0,136.6,116.14,119.39,0
770,40,10,4,0,0.69,2.88,0.0,110.66,116.14,119.39,0
771,40,10,4,0,8.88,2.88,0.0,78.81,116.14,119.39,0
772,40,10,4,1,29.38,3.28,0.0,66.3,94.78,119.39,0
773,40,10,4,1,73.03,3.28,0.0,53.07,94.78,119.39,0
774,40,10,4,1,94.72,3.28,0.0,52.29,94.78,119.39,0
775,40,10,4,1,94.3,3.28,0.0,36.51,94.78,119.39,0
776,40,10,4,2,80.52,6.95,0.0,40.19,80.84,119.39,0
777,40,10,4,2,52.27,6.95,0.0,43.79,80.84,119.39,0
778,40,10,4,2,13.87,6.95,0.0,41.99,80.84,119.39,0
779,40,10,4,2,0.0,6.95,0.0,47.14,80.84,119.39,0
780,40,10,4,3,0.0,7.14,0.0,43.48,80.61,119.39,0
781,40,10,4,3,6.54,7.14,0.0,34.92,80.61,119.39,0
782,40,10,4,3,13.91,7.14,0.0,33.51,80.61,119.39,0
783,40,10,4,3,27.96,7.14,0.0,30.69,80.61,119.39,0
784,40,10,4,4,25.4,6.82,0.0,28.05,71.91,103.41,0
785,40,10,4,4,12.16,6.82,0.0,51.04,71.91,103.41,0
786,40,10,4,4,2.45,6.82,0.0,112.9,71.91,103.41,0
787,40,10,4,4,23.2,6.82,0.0,54.95,71.91,103.41,0
788,40,10,4,5,36.84,0.53,0.0,54.95,71.08,103.41,0
789,40,10,4,5,66.42,0.53,0.0,45.68,71.08,103.41,0
790,40,10,4,5,80.09,0.53,0.0,43.17,71.08,103.41,0
791,40,10,4,5,70.43,0.53,0.0,88.08,71.08,103.41,0
792,40,10,4,6,54.8,0.98,0.0,52.93,66.94,103.41,0
793,40,10,4,6,23.03,0.98,0.0,67.53,66.94,103.41,0
794,40,10,4,6,45.45,0.98,0.0,35.05,66.94,103.41,0
795,40,10,4,6,54.42,0.98,0.0,34.19,66.94,103.41,0
796,40,10,4,7,84.5,5.08,0.0,18.31,60.0,103.41,0
797,40,10,4,7,98.51,5.08,0.0,18.25,60.0,103.41,0
798,40,10,4,7,48.5,5.08,0.0,115.24,60.0,103.41,0
799,40,10,4,7,31.2,5.08,0.0,74.13,60.0,103.41,0
800,40,10,4,8,23.95,5.91,0.0,32.55,59.92,96.56,0
801,40,10,4,8,51.13,5.91,0.0,17.41,59.92,96.56,0
802,40,10,4,8,72.41,5.91,0.0,8.47,59.92,96.56,0
803,40,10,4,8,90.0,5.91,0.0,75.57,59.92,96.56,0
804,40,10,4,9,85.54,32.14,0.0,38.85,50.25,96.56,0
805,40,10,4,9,88.94,32.14,0.0,119.24,50.25,96.56,0
806,40,10,4,9,86.3,32.14,0.0,98.25,50.25,96.56,0
807,40,10,4,9,98.35,32.14,0.0,114.43,50.25,96.56,0
808,40,10,4,10,74.12,59.66,0.0,38.34,41.73,96.56,0
809,40,10,4,10,56.25,59.66,0.0,55.66,41.73,96.56,0
810,40,10,4,10,41.78,59.66,0.0,74.03,41.73,96.56,0
811,40,10,4,10,76.87,59.66,0.0,136.53,41.73,96.56,0
812,40,10,4,11,94.96,100.0,0.0,124.46,5.38,96.56,0
813,40,10,4,11,95.93,100.0,0.0,95.11,5.38,96.56,0
814,40,10,4,11,85.81,100.0,0.0,69.55,5.38,96.56,0
815,40,10,4,11,58.06,100.0,0.0,36.16,5.38,96.56,0
816,40,10,4,12,33.97,87.17,8.26,45.89,15.95,69.27,0
817,40,10,4,12,47.21,87.17,8.26,91.75,15.95,69.27,0
818,40,10,4,12,76.05,87.17,8.26,78.46,15.95,69.27,0
819,40,10,4,12,97.11,87.17,8.26,85.86,15.95,69.27,0
820,40,10,4,13,92.51,90.1,8.26,69.39,10.7,69.27,0
821,40,10,4,13,94.28,90.1,8.26,79.63,10.7,69.27,0
822,40,10,4,13,90.15,90.1,8.26,71.19,10.7,69.27,0
823,40,10,4,13,65.38,90.1,8.26,43.5,10.7,69.27,1
824,40,10,4,14,64.84,90.0,8.26,64.21,26.1,69.27,0
825,40,10,4,14,54.76,90.0,8.26,49.55,26.1,69.27,0
826,40,10,4,14,90.51,90.0,8.26,72.54,26.1,69.27,0
827,40,10,4,14,92.68,90.0,8.26,73.62,26.1,69.27,0
828,40,10,4,15,100.0,100.0,8.26,70.5,46.52,69.27,0
829,40,10,4,15,84.65,100.0,8.26,45.19,46.52,69.27,0
830,40,10,4,15,47.45,100.0,8.26,11.46,46.52,69.27,0
831,40,10,4,15,64.36,100.0,8.26,122.57,46.52,69.27,0
832,40,10,4,16,69.37,100.0,38.5,75.87,59.98,39.66,0
833,40,10,4,16,90.27,100.0,38.5,102.37,59.98,39.66,0
834,40,10,4,16,92.3,100.0,38.5,135.8,59.98,39.66,0
835,40,10,4,16,88.69,100.0,38.5,88.15,59.98,39.66,0
836,40,10,4,17,76.55,100.0,38.5,78.01,89.51,39.66,0
837,40,10,4,17,55.22,100.0,38.5,78.34,89.51,39.66,0
838,40,10,4,17,69.46,100.0,38.5,122.0,89.51,39.66,0
839,40,10,4,17,72.17,100.0,38.5,82.39,89.51,39.66,0
840,40,10,4,18,63.89,100.0,38.5,55.04,102.46,39.66,0
841,40,10,4,18,31.43,100.0,38.5,36.08,102.46,39.66,0
842,40,10,4,18,9.81,100.0,38.5,16.46,102.46,39.66,0
843,40,10,4,18,0.0,100.0,38.5,10.48,102.46,39.66,0
844,40,10,4,19,0.0,72.2,38.5,39.22,53.35,39.66,0
845,40,10,4,19,0.0,72.2,38.5,45.18,53.35,39.66,0
846,40,10,4,19,0.0,72.2,38.5,46.62,53.35,39.66,0
847,40,10,4,19,12.03,72.2,38.5,28.16,53.35,39.66,0
848,40,10,4,20,17.76,40.37,73.62,51.49,45.31,40.15,0
849,40,10,4,20,16.52,40.37,73.62,89.87,45.31,40.15,0
850,40,10,4,20,14.19,40.37,73.62,70.48,45.31,40.15,0
851,40,10,4,20,41.53,40.37,73.62,30.59,45.31,40.15,0
852,40,10,4,21,74.93,9.22,73.62,24.46,52.86,40.15,0
853,40,10,4,21,92.37,9.22,73.62,31.43,52.86,40.15,0
854,40,10,4,21,84.37,9.22,73.62,36.04,52.86,40.15,0
855,40,10,4,21,76.11,9.22,73.62,18.03,52.86,40.15,0
856,40,10,4,22,81.19,26.85,73.62,19.94,65.04,40.15,0
857,40,10,4,22,80.95,26.85,73.62,1.85,65.04,40.15,0
858,40,10,4,22,79.25,26.85,73.62,19.6,65.04,40.15,0
859,40,10,4,22,77.98,26.85,73.62,55.2,65.04,40.15,0
860,40,10,4,23,78.6,50.52,73.62,43.24,54.81,40.15,0
861,40,10,4,23,75.69,50.52,73.62,56.65,54.81,40.15,0
862,40,10,4,23,56.3,50.52,73.62,60.91,54.81,40.15,0
863,40,10,4,23,64.86,50.52,73.62,64.68,54.81,40.15,0
864,40,10,5,0,54.32,74.44,96.85,45.13,51.14,23.83,0
865,40,10,5,0,33.33,74.44,96.85,32.29,51.14,23.83,0
866,40,10,5,0,12.5,74.44,96.85,33.2,51.14,23.83,0
867,40,10,5,0,5.56,74.44,96.85,15.72,51.14,23.83,0
868,40,10,5,1,25.58,86.38,96.85,28.0,45.13,23.83,0
869,40,10,5,1,47.56,86.38,96.85,31.25,45.13,23.83,0
870,40,10,5,1,94.05,86.38,96.85,55.61,45.13,23.83,0
871,40,10,5,1,100.0,86.38,96.85,55.2,45.13,23.83,0
872,40,10,5,2,100.0,88.67,96.85,57.5,49.54,23.83,0
873,40,10,5,2,100.0,88.67,96.85,65.21,49.54,23.83,0
874,40,10,5,2,100.0,88.67,96.85,74.48,49.54,23.83,0
875,40,10,5,2,74.63,88.67,96.85,34.7,49.54,23.83,1
876,40,10,5,3,67.31,89.78,96.85,78.15,48.52,23.83,0
877,40,10,5,3,71.19,89.78,96.85,87.03,48.52,23.83,0
878,40,10,5,3,96.97,89.78,96.85,73.25,48.52,23.83,0
879,40,10,5,3,63.01,89.78,96.85,10.17,48.52,23.83,1
880,40,10,5,4,22.22,62.07,95.72,58.26,30.72,21.75,0
881,40,10,5,4,9.6,62.07,95.72,25.21,30.72,21.75,0
882,40,10,5,4,28.38,62.07,95.72,22.26,30.72,21.75,0
883,40,10,5,4,52.34,62.07,95.72,8.38,30.72,21.75,1
884,40,10,5,5,45.45,28.67,95.72,86.79,21.63,21.75,0
885,40,10,5,5,20.16,28.67,95.72,97.38,21.63,21.75,0
886,40,10,5,5,0.0,28.67,95.72,106.11,21.63,21.75,0
887,40,10,5,5,5.88,28.67,95.72,82.04,21.63,21.75,0
888,40,10,5,6,6.33,0.0,95.72,117.54,2.83,21.75,0
889,40,10,5,6,6.9,0.0,95.72,119.26,2.83,21.75,0
890,40,10,5,6,11.76,0.0,95.72,83.44,2.83,21.75,0
891,40,10,5,6,13.1,0.0,95.72,87.49,2.83,21.75,0
892,40,10,5,7,20.18,0.0,95.72,76.17,15.63,21.75,0
893,40,10,5,7,32.18,0.0,95.72,50.44,15.63,21.75,0
894,40,10,5,7,40.98,0.0,95.72,69.17,15.63,21.75,0
895,40,10,5,7,78.0,0.0,95.72,1.03,15.63,21.75,1
896,40,10,5,8,64.71,9.56,92.88,26.8,8.57,23.7,1
897,40,10,5,8,46.81,9.56,92.88,80.65,8.57,23.7,0
898,40,10,5,8,17.07,9.56,92.88,70.51,8.57,23.7,0
899,40,10,5,8,1.65,9.56,92.88,92.78,8.57,23.7,0
900,40,10,5,9,1.46,8.41,92.88,114.74,97.45,23.7,0
901,40,10,5,9,7.66,8.41,92.88,81.49,97.45,23.7,0
902,40,10,5,9,44.49,8.41,92.88,11.67,97.45,23.7,1
903,40,10,5,9,86.64,8.41,92.88,82.67,97.45,23.7,0
904,40,10,5,10,88.86,42.48,92.88,26.92,17.67,23.7,1
905,40,10,5,10,67.21,42.48,92.88,39.98,17.67,23.7,1
906,40,10,5,10,57.75,42.48,92.88,65.28,17.67,23.7,1
907,40,10,5,10,46.42,42.48,92.88,13.79,17.67,23.7,1
908,40,10,5,11,56.3,55.91,92.88,11.3,32.35,23.7,1
909,40,10,5,11,26.71,55.91,92.88,67.15,32.35,23.7,0
910,40,10,5,11,10.5,55.91,92.88,116.48,32.35,23.7,0
911,40,10,5,11,0.0,55.91,92.88,102.95,32.35,23.7,0
912,40,10,5,12,0.0,50.39,53.12,107.02,132.95,45.12,0
913,40,10,5,12,7.24,50.39,53.12,74.02,132.95,45.12,0
914,40,10,5,12,23.51,50.39,53.12,57.38,132.95,45.12,0
915,40,10,5,12,41.28,50.39,53.12,77.02,132.95,45.12,0
916,40,10,5,13,72.93,31.39,53.12,34.72,84.33,45.12,1
917,40,10,5,13,71.83,31.39,53.12,34.73,84.33,45.12,1
918,40,10,5,13,78.81,31.39,53.12,48.77,84.33,45.12,1
919,40,10,5,13,78.67,31.39,53.12,22.98,84.33,45.12,1
920,40,10,5,14,79.1,21.5,53.12,21.17,72.66,45.12,1
921,40,10,5,14,100.0,21.5,53.12,10.48,72.66,45.12,0
922,40,10,5,14,100.0,21.5,53.12,39.82,72.66,45.12,0
923,40,10,5,14,100.0,21.5,53.12,73.71,72.66,45.12,0
924,40,10,5,15,92.38,52.45,53.12,54.43,8.4,45.12,1
925,40,10,5,15,81.79,52.45,53.12,49.9,8.4,45.12,1
926,40,10,5,15,56.96,52.45,53.12,43.56,8.4,45.12,1
927,40,10,5,15,30.0,52.45,53.12,50.26,8.4,45.12,0
928,40,10,5,16,77.07,84.22,62.9,177.02,134.9,23.3,0
929,40,10,5,16,85.64,84.22,62.9,119.74,134.9,23.3,0
930,40,10,5,16,94.44,84.22,62.9,116.13,134.9,23.3,0
931,40,10,5,16,93.12,84.22,62.9,95.2,134.9,23.3,0
932,40,10,5,17,98.28,99.37,62.9,95.73,121.33,23.3,0
933,40,10,5,17,82.92,99.37,62.9,65.7,121.33,23.3,0
934,40,10,5,17,38.75,99.37,62.9,48.46,121.33,23.3,0
935,40,10,5,17,5.46,99.37,62.9,18.28,121.33,23.3,0
936,40,10,5,18,0.0,75.89,62.9,21.02,13.44,23.3,0
937,40,10,5,18,5.11,75.89,62.9,11.36,13.44,23.3,0
938,40,10,5,18,9.14,75.89,62.9,17.97,13.44,23.3,0
939,40,10,5,18,26.33,75.89,62.9,4.5,13.44,23.3,0
940,40,10,5,19,22.76,43.25,62.9,67.06,43.73,23.3,0
941,40,10,5,19,34.76,43.25,62.9,40.45,43.73,23.3,0
942,40,10,5,19,39.27,43.25,62.9,25.45,43.73,23.3,0
943,40,10,5,19,58.45,43.25,62.9,34.47,43.73,23.3,0
944,40,10,5,20,75.71,20.62,59.96,15.11,17.0,9.08,0
945,40,10,5,20,84.46,20.62,59.96,7.27,17.0,9.08,0
946,40,10,5,20,87.96,20.62,59.96,15.13,17.0,9.08,0
947,40,10,5,20,75.38,20.62,59.96,15.63,17.0,9.08,0
948,40,10,5,21,71.28,31.17,59.96,15.36,50.04,9.08,0
949,40,10,5,21,65.69,31.17,59.96,4.5,50.04,9.08,0
950,40,10,5,21,74.49,31.17,59.96,20.41,50.04,9.08,0
951,40,10,5,21,76.19,31.17,59.96,47.08,50.04,9.08,0
952,40,10,5,22,97.57,60.95,59.96,71.98,69.59,9.08,0
953,40,10,5,22,100.0,60.95,59.96,85.09,69.59,9.08,0
954,40,10,5,22,100.0,60.95,59.96,98.03,69.59,9.08,0
955,40,10,5,22,75.26,60.95,59.96,47.74,69.59,9.08,0
956,40,10,5,23,40.87,78.65,59.96,38.89,51.92,9.08,0
957,40,10,5,23,0.0,78.65,59.96,23.28,51.92,9.08,0
958,40,10,5,23,0.0,78.65,59.96,18.25,51.92,9.08,0
959,40,10,5,23,0.0,78.65,59.96,7.22,51.92,9.08,0
960,41,10,1,0,24.74,82.2,72.32,37.45,30.98,0.99,0
961,41,10,1,0,68.61,82.2,72.32,34.03,30.98,0.99,0
962,41,10,1,0,100.0,82.2,72.32,32.04,30.98,0.99,0
963,41,10,1,0,100.0,82.2,72.32,65.16,30.98,0.99,0
964,41,10,1,1,70.37,70.73,72.32,2.6,51.74,0.99,0
965,41,10,1,1,57.65,70.73,72.32,29.91,51.74,0.99,0
966,41,10,1,1,39.88,70.73,72.32,37.6,51.74,0.99,0
967,41,10,1,1,60.71,70.73,72.32,30.07,51.74,0.99,0
968,41,10,1,2,70.0,60.69,72.32,22.37,51.0,0.99,0
969,41,10,1,2,66.99,60.69,72.32,16.45,51.0,0.99,0
970,41,10,1,2,44.74,60.69,72.32,27.71,51.0,0.99,0
971,41,10,1,2,2.67,60.69,72.32,45.7,51.0,0.99,0
972,41,10,1,3,23.0,79.39,72.32,0.19,41.68,0.99,0
973,41,10,1,3,61.6,79.39,72.32,60.82,41.68,0.99,0
974,41,10,1,3,78.87,79.39,72.32,35.17,41.68,0.99,0
975,41,10,1,3,51.15,79.39,72.32,69.01,41.68,0.99,0
976,41,10,1,4,19.35,68.06,62.49,61.99,26.76,7.85,0
977,41,10,1,4,0.48,68.06,62.49,79.49,26.76,7.85,0
978,41,10,1,4,0.5,68.06,62.49,84.85,26.76,7.85,0
979,41,10,1,4,0.0,68.06,62.49,86.45,26.76,7.85,0
980,41,10,1,5,12.9,42.7,62.49,56.91,21.18,7.85,0
981,41,10,1,5,38.64,42.7,62.49,63.5,21.18,7.85,0
982,41,10,1,5,20.24,42.7,62.49,121.29,21.18,7.85,0
983,41,10,1,5,3.57,42.7,62.49,120.29,21.18,7.85,0
984,41,10,1,6,14.0,11.43,62.49,73.07,1.43,7.85,0
985,41,10,1,6,25.84,11.43,62.49,67.63,1.43,7.85,0
986,41,10,1,6,38.79,11.43,62.49,78.03,1.43,7.85,0
987,41,10,1,6,27.48,11.43,62.49,89.54,1.43,7.85,0
988,41,10,1,7,13.46,0.0,62.49,75.87,14.02,7.85,0
989,41,10,1,7,3.57,0.0,62.49,72.4,14.02,7.85,0
990,41,10,1,7,19.15,0.0,62.49,51.24,14.02,7.85,0
991,41,10,1,7,18.67,0.0,62.49,65.01,14.02,7.85,0
992,41,10,1,8,23.73,0.0,53.66,60.25,24.14,5.19,0
993,41,10,1,8,27.12,0.0,53.66,39.98,24.14,5.19,0
994,41,10,1,8,21.33,0.0,53.66,77.29,24.14,5.19,0
995,41,10,1,8,15.38,0.0,53.66,90.71,24.14,5.19,0
996,41,10,1,9,18.8,0.0,53.66,51.9,35.06,5.19,0
997,41,10,1,9,15.63,0.0,53.66,93.6,35.06,5.19,0
998,41,10,1,9,15.92,0.0,53.66,92.36,35.06,5.19,0
999,41,10,1,9,0.0,0.0,53.66,112.23,35.06,5.19,0
1000,41,10,1,10,0.0,0.0,53.66,137.99,99.68,5.19,0
1001,41,10,1,10,10.76,0.0,53.66,94.27,99.68,5.19,0
1002,41,10,1,10,19.24,0.0,53.66,87.47,99.68,5.19,0
1003,41,10,1,10,22.49,0.0,53.66,117.05,99.68,5.19,0
1004,41,10,1,11,9.26,0.0,53.66,122.92,117.78,5.19,0
1005,41,10,1,11,0.0,0.0,53.66,106.99,117.78,5.19,0
1006,41,10,1,11,0.0,0.0,53.66,112.47,117.78,5.19,0
1007,41,10,1,11,0.0,0.0,53.66,121.31,117.78,5.19,0
1008,41,10,1,12,0.0,0.0,26.43,116.23,143.41,65.81,0
1009,41,10,1,12,9.45,0.0,26.43,84.32,143.41,65.81,0
1010,41,10,1,12,27.63,0.0,26.43,65.31,143.41,65.81,0
1011,41,10,1,12,59.79,0.0,26.43,48.21,143.41,65.81,0
1012,41,10,1,13,57.1,0.52,26.43,78.97,118.08,65.81,0
1013,41,10,1,13,47.1,0.52,26.43,59.14,118.08,65.81,0
1014,41,10,1,13,18.36,0.52,26.43,61.49,118.08,65.81,0
1015,41,10,1,13,14.7,0.52,26.43,77.84,118.08,65.81,0
1016,41,10,1,14,13.94,0.5,26.43,60.49,103.8,65.81,0
1017,41,10,1,14,9.57,0.5,26.43,71.59,103.8,65.81,0
1018,41,10,1,14,44.91,0.5,26.43,29.98,103.8,65.81,1
1019,41,10,1,14,70.72,0.5,26.43,1.54,103.8,65.81,1
1020,41,10,1,15,87.16,7.0,26.43,21.74,80.32,65.81,1
1021,41,10,1,15,76.98,7.0,26.43,18.69,80.32,65.81,1
1022,41,10,1,15,52.75,7.0,26.43,26.8,80.32,65.81,1
1023,41,10,1,15,41.03,7.0,26.43,4.69,80.32,65.81,1
1024,41,10,1,16,7.91,8.85,0.0,116.21,99.86,81.9,0
1025,41,10,1,16,11.83,8.85,0.0,92.48,99.86,81.9,0
1026,41,10,1,16,4.58,8.85,0.0,100.61,99.86,81.9,0
1027,41,10,1,16,24.89,8.85,0.0,21.09,99.86,81.9,0
1028,41,10,1,17,46.8,29.96,0.0,17.82,70.13,81.9,0
1029,41,10,1,17,86.98,29.96,0.0,76.62,70.13,81.9,0
1030,41,10,1,17,100.0,29.96,0.0,75.99,70.13,81.9,0
1031,41,10,1,17,84.03,29.96,0.0,10.89,70.13,81.9,0
1032,41,10,1,18,58.01,45.22,0.0,3.96,59.56,81.9,0
1033,41,10,1,18,16.71,45.22,0.0,2.48,59.56,81.9,0
1034,41,10,1,18,8.68,45.22,0.0,3.84,59.56,81.9,0
1035,41,10,1,18,15.68,45.22,0.0,15.56,59.56,81.9,0
1036,41,10,1,19,35.71,75.29,0.0,14.02,49.14,81.9,0
1037,41,10,1,19,59.26,75.29,0.0,16.56,49.14,81.9,0
1038,41,10,1,19,63.33,75.29,0.0,12.91,49.14,81.9,0
1039,41,10,1,19,72.5,75.29,0.0,34.42,49.14,81.9,0
1040,41,10,1,20,100.0,88.62,10.05,43.97,37.47,50.87,0
1041,41,10,1,20,66.13,88.62,10.05,11.07,37.47,50.87,0
1042,41,10,1,20,59.49,88.62,10.05,30.28,37.47,50.87,0
1043,41,10,1,20,66.81,88.62,10.05,78.39,37.47,50.87,0
1044,41,10,1,21,95.18,97.06,10.05,107.51,11.29,50.87,0
1045,41,10,1,21,93.24,97.06,10.05,76.83,11.29,50.87,0
1046,41,10,1,21,93.56,97.06,10.05,108.12,11.29,50.87,0
1047,41,10,1,21,91.9,97.06,10.05,93.57,11.29,50.87,0
1048,41,10,1,22,89.75,98.77,10.05,65.8,8.89,50.87,0
1049,41,10,1,22,84.85,98.77,10.05,81.69,8.89,50.87,0
1050,41,10,1,22,82.14,98.77,10.05,82.56,8.89,50.87,0
1051,41,10,1,22,100.0,98.77,10.05,92.8,8.89,50.87,0
1052,41,10,1,23,98.51,98.85,10.05,80.26,13.97,50.87,0
1053,41,10,1,23,89.37,98.85,10.05,63.23,13.97,50.87,0
1054,41,10,1,23,67.07,98.85,10.05,49.99,13.97,50.87,0
1055,41,10,1,23,25.95,98.85,10.05,36.98,13.97,50.87,0
1056,41,10,2,0,3.01,89.67,27.08,28.04,5.42,18.76,0
1057,41,10,2,0,31.21,89.67,27.08,53.55,5.42,18.76,0
1058,41,10,2,0,35.97,89.67,27.08,22.4,5.42,18.76,0
1059,41,10,2,0,42.42,89.67,27.08,18.52,5.42,18.76,0
1060,41,10,2,1,11.36,77.21,27.08,12.04,9.48,18.76,0
1061,41,10,2,1,17.05,77.21,27.08,20.36,9.48,18.76,0
1062,41,10,2,1,30.3,77.21,27.08,18.08,9.48,18.76,0
1063,41,10,2,1,67.06,77.21,27.08,44.49,9.48,18.76,0
1064,41,10,2,2,72.97,56.39,27.08,0.0,20.41,18.76,0
1065,41,10,2,2,62.5,56.39,27.08,17.26,20.41,18.76,1
1066,41,10,2,2,25.97,56.39,27.08,28.65,20.41,18.76,0
1067,41,10,2,2,13.16,56.39,27.08,34.81,20.41,18.76,0
1068,41,10,2,3,31.71,45.08,27.08,32.01,31.85,18.76,0
1069,41,10,2,3,40.74,45.08,27.08,28.36,31.85,18.76,1
1070,41,10,2,3,41.25,45.08,27.08,52.62,31.85,18.76,1
1071,41,10,2,3,6.6,45.08,27.08,112.35,31.85,18.76,0
1072,41,10,2,4,0.0,39.41,52.37,102.64,19.48,21.18,0
1073,41,10,2,4,34.18,39.41,52.37,62.81,19.48,21.18,0
1074,41,10,2,4,51.88,39.41,52.37,11.97,19.48,21.18,1
1075,41,10,2,4,48.82,39.41,52.37,105.89,19.48,21.18,0
1076,41,10,2,5,14.15,17.03,52.37,135.32,11.1,21.18,0
1077,41,10,2,5,25.83,17.03,52.37,1.96,11.1,21.18,0
1078,41,10,2,5,53.97,17.03,52.37,28.19,11.1,21.18,1
1079,41,10,2,5,75.11,17.03,52.37,41.95,11.1,21.18,1
1080,41,10,2,6,82.88,30.84,52.37,15.59,49.01,21.18,1
1081,41,10,2,6,59.78,30.84,52.37,47.03,49.01,21.18,1
1082,41,10,2,6,52.05,30.84,52.37,26.37,49.01,21.18,1
1083,41,10,2,6,35.29,30.84,52.37,21.7,49.01,21.18,1
1084,41,10,2,7,47.92,44.58,52.37,17.85,37.73,21.18,1
1085,41,10,2,7,76.84,44.58,52.37,42.39,37.73,21.18,1
1086,41,10,2,7,85.51,44.58,52.37,121.35,37.73,21.18,0
1087,41,10,2,7,100.0,44.58,52.37,134.29,37.73,21.18,0
1088,41,10,2,8,92.67,81.03,79.73,91.86,71.96,0.52,0
1089,41,10,2,8,74.55,81.03,79.73,45.33,71.96,0.52,1
1090,41,10,2,8,54.22,81.03,79.73,62.71,71.96,0.52,1
1091,41,10,2,8,42.29,81.03,79.73,73.73,71.96,0.52,0
1092,41,10,2,9,40.15,78.25,79.73,33.33,48.88,0.52,1
1093,41,10,2,9,17.48,78.25,79.73,82.11,48.88,0.52,0
1094,41,10,2,9,0.97,78.25,79.73,158.85,48.88,0.52,0
1095,41,10,2,9,5.21,78.25,79.73,109.89,48.88,0.52,0
1096,41,10,2,10,6.65,44.03,79.73,105.57,60.47,0.52,0
1097,41,10,2,10,14.36,44.03,79.73,79.72,60.47,0.52,0
1098,41,10,2,10,12.44,44.03,79.73,107.79,60.47,0.52,0
1099,41,10,2,10,36.12,44.03,79.73,64.24,60.47,0.52,1
1100,41,10,2,11,50.79,14.95,79.73,62.38,59.36,0.52,1
1101,41,10,2,11,76.59,14.95,79.73,54.23,59.36,0.52,1
1102,41,10,2,11,49.01,14.95,79.73,81.23,59.36,0.52,0
1103,41,10,2,11,60.46,14.95,79.73,35.95,59.36,0.52,1
1104,41,10,2,12,70.79,5.85,73.36,25.33,47.32,54.12,1
1105,41,10,2,12,74.84,5.85,73.36,54.75,47.32,54.12,1
1106,41,10,2,12,37.6,5.85,73.36,79.31,47.32,54.12,0
1107,41,10,2,12,17.44,5.85,73.36,56.26,47.32,54.12,0
1108,41,10,2,13,7.54,4.66,73.36,101.8,152.58,54.12,0
1109,41,10,2,13,6.81,4.66,73.36,105.07,152.58,54.12,0
1110,41,10,2,13,0.0,4.66,73.36,105.72,152.58,54.12,0
1111,41,10,2,13,0.75,4.66,73.36,94.96,152.58,54.12,0
1112,41,10,2,14,10.45,4.4,73.36,72.79,132.98,54.12,0
1113,41,10,2,14,18.73,4.4,73.36,80.15,132.98,54.12,0
1114,41,10,2,14,29.86,4.4,73.36,81.86,132.98,54.12,0
1115,41,10,2,14,4.92,4.4,73.36,87.56,132.98,54.12,0
1116,41,10,2,15,0.0,0.0,73.36,84.97,139.79,54.12,0
1117,41,10,2,15,4.5,0.0,73.36,71.01,139.79,54.12,0
1118,41,10,2,15,9.61,0.0,73.36,64.23,139.79,54.12,0
1119,41,10,2,15,48.66,0.0,73.36,28.69,139.79,54.12,0
1120,41,10,2,16,82.11,12.98,33.62,12.01,83.61,116.41,0
1121,41,10,2,16,100.0,12.98,33.62,4.83,83.61,116.41,0
1122,41,10,2,16,100.0,12.98,33.62,11.19,83.61,116.41,0
1123,41,10,2,16,93.9,12.98,33.62,7.02,83.61,116.41,0
1124,41,10,2,17,70.5,25.87,33.62,9.61,80.42,116.41,0
1125,41,10,2,17,59.84,25.87,33.62,48.74,80.42,116.41,0
1126,41,10,2,17,84.85,25.87,33.62,149.82,80.42,116.41,0
1127,41,10,2,17,100.0,25.87,33.62,134.62,80.42,116.41,0
1128,41,10,2,18,87.68,64.07,33.62,74.03,21.54,116.41,0
1129,41,10,2,18,76.09,64.07,33.62,74.22,21.54,116.41,0
1130,41,10,2,18,63.01,64.07,33.62,83.87,21.54,116.41,0
1131,41,10,2,18,73.5,64.07,33.62,94.74,21.54,116.41,0
1132,41,10,2,19,81.54,94.05,33.62,72.81,12.38,116.41,0
1133,41,10,2,19,83.97,94.05,33.62,66.9,12.38,116.41,0
1134,41,10,2,19,76.56,94.05,33.62,64.82,12.38,116.41,0
1135,41,10,2,19,71.26,94.05,33.62,56.11,12.38,116.41,0
1136,41,10,2,20,51.61,99.31,26.28,45.38,11.9,40.41,0
1137,41,10,2,20,45.95,99.31,26.28,51.6,11.9,40.41,0
1138,41,10,2,20,82.01,99.31,26.28,72.34,11.9,40.41,0
1139,41,10,2,20,95.99,99.31,26.28,63.08,11.9,40.41,0
1140,41,10,2,21,84.03,99.35,26.28,46.86,32.19,40.41,0
1141,41,10,2,21,77.26,99.35,26.28,52.9,32.19,40.41,0
1142,41,10,2,21,78.4,99.35,26.28,67.22,32.19,40.41,0
1143,41,10,2,21,94.33,99.35,26.28,73.74,32.19,40.41,0
1144,41,10,2,22,95.53,99.23,26.28,70.84,57.2,40.41,0
1145,41,10,2,22,71.47,99.23,26.28,40.19,57.2,40.41,0
1146,41,10,2,22,39.93,99.23,26.28,36.36,57.2,40.41,0
1147,41,10,2,22,3.83,99.23,26.28,32.49,57.2,40.41,0
1148,41,10,2,23,26.29,99.31,26.28,64.85,54.77,40.41,0
1149,41,10,2,23,48.45,99.31,26.28,50.29,54.77,40.41,0
1150,41,10,2,23,81.61,99.31,26.28,54.13,54.77,40.41,0
1151,41,10,2,23,64.88,99.31,26.28,29.66,54.77,40.41,0
1152,41,10,3,0,39.66,91.18,50.65,3.31,42.52,8.93,0
1153,41,10,3,0,14.84,91.18,50.65,4.0,42.52,8.93,0
1154,41,10,3,0,2.05,91.18,50.65,21.53,42.52,8.93,0
1155,41,10,3,0,20.93,91.18,50.65,6.96,42.52,8.93,0
1156,41,10,3,1,44.14,74.38,50.65,0.07,39.25,8.93,0
1157,41,10,3,1,89.29,74.38,50.65,0.77,39.25,8.93,0
1158,41,10,3,1,100.0,74.38,50.65,26.08,39.25,8.93,0
1159,41,10,3,1,100.0,74.38,50.65,46.77,39.25,8.93,0
1160,41,10,3,2,94.4,60.91,50.65,31.37,48.01,8.93,0
1161,41,10,3,2,92.31,60.91,50.65,38.26,48.01,8.93,0
1162,41,10,3,2,92.98,60.91,50.65,88.96,48.01,8.93,0
1163,41,10,3,2,99.52,60.91,50.65,168.8,48.01,8.93,0
1164,41,10,3,3,87.42,72.38,50.65,104.51,67.12,8.93,0
1165,41,10,3,3,81.54,72.38,50.65,94.66,67.12,8.93,0
1166,41,10,3,3,64.49,72.38,50.65,67.07,67.12,8.93,0
1167,41,10,3,3,49.45,72.38,50.65,61.19,67.12,8.93,0
1168,41,10,3,4,46.97,94.05,85.04,92.79,72.68,28.8,0
1169,41,10,3,4,72.77,94.05,85.04,102.76,72.68,28.8,0
1170,41,10,3,4,82.22,94.05,85.04,65.45,72.68,28.8,0
1171,41,10,3,4,79.23,94.05,85.04,74.38,72.68,28.8,0
1172,41,10,3,5,74.65,100.0,85.04,75.15,75.57,28.8,0
1173,41,10,3,5,92.22,100.0,85.04,75.84,75.57,28.8,0
1174,41,10,3,5,78.38,100.0,85.04,50.34,75.57,28.8,0
1175,41,10,3,5,44.97,100.0,85.04,26.37,75.57,28.8,0
1176,41,10,3,6,14.2,91.56,85.04,24.71,59.29,28.8,0
1177,41,10,3,6,16.94,91.56,85.04,40.59,59.29,28.8,0
1178,41,10,3,6,21.85,91.56,85.04,14.37,59.29,28.8,0
1179,41,10,3,6,34.75,91.56,85.04,18.69,59.29,28.8,1
1180,41,10,3,7,48.84,86.36,85.04,36.39,59.64,28.8,1
1181,41,10,3,7,61.63,86.36,85.04,12.55,59.64,28.8,1
1182,41,10,3,7,59.77,86.36,85.04,1.4,59.64,28.8,1
1183,41,10,3,7,23.47,86.36,85.04,35.31,59.64,28.8,0
1184,41,10,3,8,9.09,60.54,95.48,39.89,46.91,25.2,0
1185,41,10,3,8,28.95,60.54,95.48,19.5,46.91,25.2,0
1186,41,10,3,8,73.72,60.54,95.48,104.9,46.91,25.2,0
1187,41,10,3,8,87.31,60.54,95.48,53.64,46.91,25.2,1
1188,41,10,3,9,70.33,47.03,95.48,0.79,48.03,25.2,0
1189,41,10,3,9,39.57,47.03,95.48,35.71,48.03,25.2,1
1190,41,10,3,9,12.36,47.03,95.48,134.18,48.03,25.2,0
1191,41,10,3,9,0.0,47.03,95.48,142.46,48.03,25.2,0
1192,41,10,3,10,18.78,17.79,95.48,39.38,35.84,25.2,0
1193,41,10,3,10,17.49,17.79,95.48,154.76,35.84,25.2,0
1194,41,10,3,10,15.4,17.79,95.48,151.02,35.84,25.2,0
1195,41,10,3,10,2.97,17.79,95.48,112.58,35.84,25.2,0
1196,41,10,3,11,16.32,10.66,95.48,64.66,4.5,25.2,0
1197,41,10,3,11,23.38,10.66,95.48,90.26,4.5,25.2,0
1198,41,10,3,11,39.08,10.66,95.48,65.29,4.5,25.2,0
1199,41,10,3,11,49.09,10.66,95.48,49.08,4.5,25.2,1
1200,41,10,3,12,42.92,0.0,83.53,74.3,24.62,20.78,0
1201,41,10,3,12,26.47,0.0,83.53,64.73,24.62,20.78,0
1202,41,10,3,12,1.77,0.0,83.53,70.21,24.62,20.78,0
1203,41,10,3,12,15.32,0.0,83.53,49.01,24.62,20.78,0
1204,41,10,3,13,35.78,3.37,83.53,37.92,33.64,20.78,1
1205,41,10,3,13,71.43,3.37,83.53,28.57,33.64,20.78,1
1206,41,10,3,13,100.0,3.37,83.53,19.81,33.64,20.78,0
1207,41,10,3,13,100.0,3.37,83.53,4.98,33.64,20.78,0
1208,41,10,3,14,100.0,28.55,83.53,74.29,24.8,20.78,0
1209,41,10,3,14,90.27,28.55,83.53,59.5,24.8,20.78,1
1210,41,10,3,14,92.01,28.55,83.53,96.54,24.8,20.78,0
1211,41,10,3,14,86.54,28.55,83.53,77.05,24.8,20.78,0
1212,41,10,3,15,72.56,51.97,83.53,45.02,3.53,20.78,1
1213,41,10,3,15,43.5,51.97,83.53,54.44,3.53,20.78,1
1214,41,10,3,15,7.76,51.97,83.53,27.57,3.53,20.78,0
1215,41,10,3,15,7.05,51.97,83.53,2.22,3.53,20.78,0
1216,41,10,3,16,33.07,85.91,72.73,66.64,17.47,20.66,0
1217,41,10,3,16,79.41,85.91,72.73,148.68,17.47,20.66,0
1218,41,10,3,16,95.79,85.91,72.73,109.16,17.47,20.66,0
1219,41,10,3,16,86.47,85.91,72.73,71.05,17.47,20.66,0
1220,41,10,3,17,84.01,92.63,72.73,94.0,106.53,20.66,0
1221,41,10,3,17,84.8,92.63,72.73,102.01,106.53,20.66,0
1222,41,10,3,17,98.66,92.63,72.73,91.21,106.53,20.66,0
1223,41,10,3,17,100.0,92.63,72.73,88.64,106.53,20.66,0
1224,41,10,3,18,100.0,99.88,72.73,97.85,140.56,20.66,0
1225,41,10,3,18,74.75,99.88,72.73,54.5,140.56,20.66,0
1226,41,10,3,18,63.51,99.88,72.73,75.4,140.56,20.66,0
1227,41,10,3,18,54.9,99.88,72.73,72.61,140.56,20.66,0
1228,41,10,3,19,90.37,100.0,72.73,88.31,129.85,20.66,0
1229,41,10,3,19,97.54,100.0,72.73,79.65,129.85,20.66,0
1230,41,10,3,19,93.23,100.0,72.73,62.55,129.85,20.66,0
1231,41,10,3,19,92.08,100.0,72.73,71.04,129.85,20.66,0
1232,41,10,3,20,69.14,98.28,72.95,50.69,102.95,94.61,0
1233,41,10,3,20,63.81,98.28,72.95,53.14,102.95,94.61,0
1234,41,10,3,20,15.22,98.28,72.95,31.43,102.95,94.61,0
1235,41,10,3,20,10.5,98.28,72.95,17.33,102.95,94.61,0
1236,41,10,3,21,6.79,92.23,72.95,22.16,79.49,94.61,0
1237,41,10,3,21,26.89,92.23,72.95,37.97,79.49,94.61,0
1238,41,10,3,21,42.65,92.23,72.95,14.02,79.49,94.61,0
1239,41,10,3,21,29.63,92.23,72.95,48.03,79.49,94.61,0
1240,41,10,3,22,6.27,68.04,72.95,76.47,42.0,94.61,0
1241,41,10,3,22,0.0,68.04,72.95,108.85,42.0,94.61,0
1242,41,10,3,22,2.03,68.04,72.95,93.08,42.0,94.61,0
1243,41,10,3,22,2.75,68.04,72.95,88.62,42.0,94.61,0
1244,41,10,3,23,3.79,25.25,72.95,88.52,17.42,94.61,0
1245,41,10,3,23,16.13,25.25,72.95,68.56,17.42,94.61,0
1246,41,10,3,23,55.36,25.25,72.95,43.74,17.42,94.61,0
1247,41,10,3,23,96.23,25.25,72.95,42.93,17.42,94.61,0
1248,41,10,4,0,72.31,0.83,79.15,61.03,17.46,51.84,0
1249,41,10,4,0,76.52,0.83,79.15,1.81,17.46,51.84,0
1250,41,10,4,0,66.79,0.83,79.15,21.22,17.46,51.84,0
1251,41,10,4,0,77.67,0.83,79.15,10.19,17.46,51.84,0
1252,41,10,4,1,71.33,15.07,79.15,0.25,41.14,51.84,0
1253,41,10,4,1,82.06,15.07,79.15,36.66,41.14,51.84,0
1254,41,10,4,1,91.07,15.07,79.15,39.45,41.14,51.84,0
1255,41,10,4,1,99.43,15.07,79.15,41.85,41.14,51.84,0
1256,41,10,4,2,99.5,48.32,79.15,79.28,63.21,51.84,0
1257,41,10,4,2,86.02,48.32,79.15,64.88,63.21,51.84,0
1258,41,10,4,2,54.77,48.32,79.15,35.67,63.21,51.84,0
1259,41,10,4,2,30.29,48.32,79.15,61.41,63.21,51.84,0
1260,41,10,4,3,37.5,79.92,79.15,62.16,51.64,51.84,0
1261,41,10,4,3,75.0,79.92,79.15,96.37,51.64,51.84,0
1262,41,10,4,3,80.86,79.92,79.15,68.06,51.64,51.84,0
1263,41,10,4,3,87.89,79.92,79.15,75.31,51.64,51.84,0
1264,41,10,4,4,75.46,95.98,85.53,58.38,55.77,87.02,0
1265,41,10,4,4,74.48,95.98,85.53,64.42,55.77,87.02,0
1266,41,10,4,4,53.0,95.98,85.53,47.81,55.77,87.02,0
1267,41,10,4,4,25.0,95.98,85.53,29.13,55.77,87.02,0
1268,41,10,4,5,85.92,97.04,85.53,187.01,109.91,87.02,0
1269,41,10,4,5,83.01,97.04,85.53,114.52,109.91,87.02,0
1270,41,10,4,5,87.7,97.04,85.53,111.51,109.91,87.02,0
1271,41,10,4,5,83.33,97.04,85.53,94.82,109.91,87.02,0
1272,41,10,4,6,83.13,95.98,85.53,83.78,87.57,87.02,0
1273,41,10,4,6,80.7,95.98,85.53,74.26,87.57,87.02,0
1274,41,10,4,6,72.34,95.98,85.53,77.01,87.57,87.02,0
1275,41,10,4,6,98.68,95.98,85.53,84.76,87.57,87.02,0
1276,41,10,4,7,98.97,96.61,85.53,74.38,92.22,87.02,0
1277,41,10,4,7,88.52,96.61,85.53,59.33,92.22,87.02,0
1278,41,10,4,7,68.4,96.61,85.53,49.85,92.22,87.02,0
1279,41,10,4,7,34.38,96.61,85.53,37.64,92.22,87.02,1
1280,41,10,4,8,6.29,89.8,86.13,31.83,72.05,118.26,0
1281,41,10,4,8,0.0,89.8,86.13,14.17,72.05,118.26,0
1282,41,10,4,8,0.0,89.8,86.13,6.53,72.05,118.26,0
1283,41,10,4,8,13.64,89.8,86.13,14.54,72.05,118.26,0
1284,41,10,4,9,14.36,75.57,86.13,13.74,53.23,118.26,0
1285,41,10,4,9,11.25,75.57,86.13,61.04,53.23,118.26,0
1286,41,10,4,9,0.0,75.57,86.13,80.91,53.23,118.26,0
1287,41,10,4,9,5.5,75.57,86.13,90.68,53.23,118.26,0
1288,41,10,4,10,5.71,36.64,86.13,103.71,22.23,118.26,0
1289,41,10,4,10,7.64,36.64,86.13,90.36,22.23,118.26,0
1290,41,10,4,10,0.0,36.64,86.13,86.91,22.23,118.26,0
1291,41,10,4,10,44.25,36.64,86.13,36.36,22.23,118.26,1
1292,41,10,4,11,33.05,0.0,86.13,84.42,8.37,118.26,0
1293,41,10,4,11,40.07,0.0,86.13,58.87,8.37,118.26,0
1294,41,10,4,11,34.33,0.0,86.13,35.77,8.37,118.26,0
1295,41,10,4,11,57.0,0.0,86.13,32.43,8.37,118.26,0
1296,41,10,4,12,70.63,6.89,88.34,37.51,18.95,80.71,1
1297,41,10,4,12,78.85,6.89,88.34,8.36,18.95,80.71,1
1298,41,10,4,12,72.89,6.89,88.34,24.7,18.95,80.71,1
1299,41,10,4,12,79.86,6.89,88.34,9.15,18.95,80.71,1
1300,41,10,4,13,86.57,34.73,88.34,85.26,57.17,80.71,0
1301,41,10,4,13,100.0,34.73,88.34,100.52,57.17,80.71,0
1302,41,10,4,13,100.0,34.73,88.34,150.12,57.17,80.71,0
1303,41,10,4,13,99.06,34.73,88.34,122.75,57.17,80.71,0
1304,41,10,4,14,98.43,77.45,88.34,104.88,89.61,80.71,0
1305,41,10,4,14,94.53,77.45,88.34,85.46,89.61,80.71,0
1306,41,10,4,14,93.18,77.45,88.34,90.08,89.61,80.71,0
1307,41,10,4,14,69.86,77.45,88.34,63.47,89.61,80.71,0
1308,41,10,4,15,67.61,100.0,88.34,75.62,88.25,80.71,0
1309,41,10,4,15,59.09,100.0,88.34,62.09,88.25,80.71,0
1310,41,10,4,15,51.12,100.0,88.34,37.58,88.25,80.71,0
1311,41,10,4,15,78.52,100.0,88.34,118.38,88.25,80.71,0
1312,41,10,4,16,52.06,97.48,89.89,36.17,72.12,109.63,0
1313,41,10,4,16,38.62,97.48,89.89,12.45,72.12,109.63,0
1314,41,10,4,16,5.38,97.48,89.89,2.92,72.12,109.63,0
1315,41,10,4,16,7.39,97.48,89.89,20.18,72.12,109.63,0
1316,41,10,4,17,9.25,82.73,89.89,19.03,41.76,109.63,0
1317,41,10,4,17,11.42,82.73,89.89,66.36,41.76,109.63,0
1318,41,10,4,17,7.79,82.73,89.89,56.99,41.76,109.63,0
1319,41,10,4,17,25.37,82.73,89.89,30.3,41.76,109.63,0
1320,41,10,4,18,39.48,51.12,89.89,61.67,22.34,109.63,0
1321,41,10,4,18,37.73,51.12,89.89,83.09,22.34,109.63,0
1322,41,10,4,18,15.02,51.12,89.89,72.82,22.34,109.63,0
1323,41,10,4,18,37.69,51.12,89.89,9.5,22.34,109.63,0
1324,41,10,4,19,66.01,21.44,89.89,16.05,35.11,109.63,0
1325,41,10,4,19,96.46,21.44,89.89,43.55,35.11,109.63,0
1326,41,10,4,19,97.2,21.44,89.89,54.19,35.11,109.63,0
1327,41,10,4,19,96.03,21.44,89.89,39.96,35.11,109.63,0
1328,41,10,4,20,87.2,41.62,88.32,30.91,61.88,94.13,0
1329,41,10,4,20,79.47,41.62,88.32,51.58,61.88,94.13,0
1330,41,10,4,20,81.78,41.62,88.32,50.5,61.88,94.13,0
1331,41,10,4,20,100.0,41.62,88.32,81.79,61.88,94.13,0
1332,41,10,4,21,100.0,79.29,88.32,75.6,86.18,94.13,0
1333,41,10,4,21,100.0,79.29,88.32,75.07,86.18,94.13,0
1334,41,10,4,21,100.0,79.29,88.32,97.78,86.18,94.13,0
1335,41,10,4,21,100.0,79.29,88.32,87.85,86.18,94.13,0
1336,41,10,4,22,99.16,100.0,88.32,76.44,106.2,94.13,0
1337,41,10,4,22,91.32,100.0,88.32,62.56,106.2,94.13,0
1338,41,10,4,22,65.66,100.0,88.32,42.97,106.2,94.13,0
1339,41,10,4,22,44.55,100.0,88.32,49.48,106.2,94.13,0
1340,41,10,4,23,42.86,99.78,88.32,52.86,94.93,94.13,0
1341,41,10,4,23,78.22,99.78,88.32,60.62,94.93,94.13,0
1342,41,10,4,23,95.67,99.78,88.32,68.01,94.93,94.13,0
1343,41,10,4,23,89.27,99.78,88.32,51.28,94.93,94.13,0
1344,41,10,5,0,66.16,97.79,100.0,39.69,82.43,102.89,0
1345,41,10,5,0,24.68,97.79,100.0,31.04,82.43,102.89,0
1346,41,10,5,0,0.0,97.79,100.0,11.93,82.43,102.89,0
1347,41,10,5,0,0.0,97.79,100.0,5.95,82.43,102.89,0
1348,41,10,5,1,8.0,91.48,100.0,10.7,69.12,102.89,0
1349,41,10,5,1,20.39,91.48,100.0,2.35,69.12,102.89,0
1350,41,10,5,1,60.47,91.48,100.0,23.46,69.12,102.89,0
1351,41,10,5,1,82.56,91.48,100.0,19.36,69.12,102.89,0
1352,41,10,5,2,85.71,78.43,100.0,6.84,64.47,102.89,0
1353,41,10,5,2,44.57,78.43,100.0,73.87,64.47,102.89,0
1354,41,10,5,2,17.0,78.43,100.0,52.55,64.47,102.89,0
1355,41,10,5,2,20.51,78.43,100.0,26.94,64.47,102.89,0
1356,41,10,5,3,27.62,45.65,100.0,48.84,53.33,102.89,0
1357,41,10,5,3,43.37,45.65,100.0,26.85,53.33,102.89,0
1358,41,10,5,3,75.0,45.65,100.0,71.53,53.33,102.89,0
1359,41,10,5,3,93.8,45.65,100.0,54.41,53.33,102.89,0
1360,41,10,5,4,97.37,56.21,100.0,98.21,67.45,93.87,0
1361,41,10,5,4,97.96,56.21,100.0,140.47,67.45,93.87,0
1362,41,10,5,4,79.46,56.21,100.0,57.84,67.45,93.87,0
1363,41,10,5,4,54.22,56.21,100.0,43.78,67.45,93.87,0
1364,41,10,5,5,14.57,70.56,100.0,48.19,57.15,93.87,0
1365,41,10,5,5,6.7,70.56,100.0,33.03,57.15,93.87,0
1366,41,10,5,5,44.44,70.56,100.0,132.51,57.15,93.87,0
1367,41,10,5,5,76.81,70.56,100.0,130.79,57.15,93.87,0
1368,41,10,5,6,92.79,95.08,100.0,91.09,74.77,93.87,0
1369,41,10,5,6,81.27,95.08,100.0,64.58,74.77,93.87,0
1370,41,10,5,6,55.95,95.08,100.0,37.66,74.77,93.87,1
1371,41,10,5,6,44.4,95.08,100.0,65.09,74.77,93.87,0
1372,41,10,5,7,31.69,89.71,100.0,44.41,64.83,93.87,0
1373,41,10,5,7,64.56,89.71,100.0,60.05,64.83,93.87,0
1374,41,10,5,7,74.44,89.71,100.0,47.37,64.83,93.87,0
1375,41,10,5,7,82.14,89.71,100.0,41.3,64.83,93.87,1
1376,41,10,5,8,79.38,93.92,100.0,53.69,70.39,89.24,1
1377,41,10,5,8,85.14,93.92,100.0,56.21,70.39,89.24,1
1378,41,10,5,8,71.83,93.92,100.0,28.5,70.39,89.24,1
1379,41,10,5,8,14.97,93.92,100.0,79.09,70.39,89.24,0
1380,41,10,5,9,0.35,55.7,100.0,119.74,15.71,89.24,0
1381,41,10,5,9,1.92,55.7,100.0,94.79,15.71,89.24,0
1382,41,10,5,9,8.26,55.7,100.0,70.12,15.71,89.24,0
1383,41,10,5,9,12.83,55.7,100.0,83.94,15.71,89.24,0
1384,41,10,5,10,20.83,26.33,100.0,76.1,16.67,89.24,0
1385,41,10,5,10,48.39,26.33,100.0,40.36,16.67,89.24,0
1386,41,10,5,10,87.18,26.33,100.0,4.98,16.67,89.24,0
1387,41,10,5,10,100.0,26.33,100.0,16.5,16.67,89.24,0
1388,41,10,5,11,77.51,12.8,100.0,38.1,26.87,89.24,0
1389,41,10,5,11,36.62,12.8,100.0,114.88,26.87,89.24,0
1390,41,10,5,11,7.61,12.8,100.0,110.45,26.87,89.24,0
1391,41,10,5,11,3.9,12.8,100.0,83.1,26.87,89.24,0
1392,41,10,5,12,14.18,11.81,83.51,56.31,7.59,60.98,0
1393,41,10,5,12,32.0,11.81,83.51,53.97,7.59,60.98,0
1394,41,10,5,12,41.02,11.81,83.51,79.91,7.59,60.98,0
1395,41,10,5,12,46.33,11.81,83.51,54.54,7.59,60.98,1
1396,41,10,5,13,25.68,10.02,83.51,60.27,30.65,60.98,0
1397,41,10,5,13,27.53,10.02,83.51,64.78,30.65,60.98,0
1398,41,10,5,13,21.48,10.02,83.51,52.3,30.65,60.98,0
1399,41,10,5,13,10.63,10.02,83.51,83.37,30.65,60.98,0
1400,41,10,5,14,31.45,0.0,83.51,52.31,53.8,60.98,0
1401,41,10,5,14,56.6,0.0,83.51,14.16,53.8,60.98,1
1402,41,10,5,14,65.33,0.0,83.51,50.81,53.8,60.98,1
1403,41,10,5,14,39.16,0.0,83.51,81.13,53.8,60.98,0
1404,41,10,5,15,21.77,0.0,83.51,47.64,81.33,60.98,0
1405,41,10,5,15,13.79,0.0,83.51,65.5,81.33,60.98,0
1406,41,10,5,15,16.27,0.0,83.51,69.88,81.33,60.98,0
1407,41,10,5,15,1.81,0.0,83.51,138.56,81.33,60.98,0
1408,41,10,5,16,0.0,0.0,39.46,142.79,155.55,25.58,0
1409,41,10,5,16,0.0,0.0,39.46,129.01,155.55,25.58,0
1410,41,10,5,16,4.88,0.0,39.46,95.78,155.55,25.58,0
1411,41,10,5,16,8.16,0.0,39.46,90.7,155.55,25.58,0
1412,41,10,5,17,9.56,0.0,39.46,114.48,151.41,25.58,0
1413,41,10,5,17,2.75,0.0,39.46,104.21,151.41,25.58,0
1414,41,10,5,17,23.58,0.0,39.46,60.09,151.41,25.58,0
1415,41,10,5,17,43.44,0.0,39.46,60.19,151.41,25.58,0
1416,41,10,5,18,80.39,16.59,39.46,17.3,81.27,25.58,0
1417,41,10,5,18,89.59,16.59,39.46,17.01,81.27,25.58,0
1418,41,10,5,18,87.78,16.59,39.46,30.14,81.27,25.58,0
1419,41,10,5,18,83.86,16.59,39.46,8.72,81.27,25.58,0
1420,41,10,5,19,64.44,28.33,39.46,18.22,81.7,25.58,0
1421,41,10,5,19,79.44,28.33,39.46,4.46,81.7,25.58,0
1422,41,10,5,19,43.67,28.33,39.46,16.55,81.7,25.58,0
1423,41,10,5,19,69.28,28.33,39.46,20.33,81.7,25.58,0
1424,41,10,5,20,70.69,55.63,13.68,29.03,60.15,27.53,0
1425,41,10,5,20,58.45,55.63,13.68,24.2,60.15,27.53,0
